--
-- PostgreSQL database dump
--

-- Dumped from database version 9.6.7
-- Dumped by pg_dump version 9.6.7

SET statement_timeout = 0;
SET lock_timeout = 0;
SET idle_in_transaction_session_timeout = 0;
SET client_encoding = 'UTF8';
SET standard_conforming_strings = on;
SET check_function_bodies = false;
SET client_min_messages = warning;
SET row_security = off;

--
-- Name: plpgsql; Type: EXTENSION; Schema: -; Owner: 
--

CREATE EXTENSION IF NOT EXISTS plpgsql WITH SCHEMA pg_catalog;


--
-- Name: EXTENSION plpgsql; Type: COMMENT; Schema: -; Owner: 
--

COMMENT ON EXTENSION plpgsql IS 'PL/pgSQL procedural language';


SET search_path = public, pg_catalog;

--
-- Name: active_locks; Type: VIEW; Schema: public; Owner: a1test
--

CREATE VIEW active_locks AS
 SELECT t.schemaname,
    t.relname,
    l.locktype,
    l.page,
    l.virtualtransaction,
    l.pid,
    l.mode,
    l.granted
   FROM (pg_locks l
     JOIN pg_stat_all_tables t ON ((l.relation = t.relid)))
  WHERE ((t.schemaname <> 'pg_toast'::name) AND (t.schemaname <> 'pg_catalog'::name))
  ORDER BY t.schemaname, t.relname;


ALTER TABLE active_locks OWNER TO a1test;

SET default_tablespace = '';

SET default_with_oids = false;

--
-- Name: alembic_version; Type: TABLE; Schema: public; Owner: a1test
--

CREATE TABLE alembic_version (
    version_num character varying(32) NOT NULL
);


ALTER TABLE alembic_version OWNER TO a1test;

--
-- Name: asset; Type: TABLE; Schema: public; Owner: a1test
--

CREATE TABLE asset (
    id integer NOT NULL,
    asset_type_name character varying(80) NOT NULL,
    name character varying(80),
    display_name character varying(80),
    capacity_in_mw double precision NOT NULL,
    latitude double precision NOT NULL,
    longitude double precision NOT NULL,
    owner_id integer
);


ALTER TABLE asset OWNER TO a1test;

--
-- Name: asset_id_seq; Type: SEQUENCE; Schema: public; Owner: a1test
--

CREATE SEQUENCE asset_id_seq
    START WITH 1
    INCREMENT BY 1
    NO MINVALUE
    NO MAXVALUE
    CACHE 1;


ALTER TABLE asset_id_seq OWNER TO a1test;

--
-- Name: asset_id_seq; Type: SEQUENCE OWNED BY; Schema: public; Owner: a1test
--

ALTER SEQUENCE asset_id_seq OWNED BY asset.id;


--
-- Name: asset_type; Type: TABLE; Schema: public; Owner: a1test
--

CREATE TABLE asset_type (
    name character varying(80) NOT NULL,
    is_consumer boolean NOT NULL,
    is_producer boolean NOT NULL,
    can_curtail boolean NOT NULL,
    can_shift boolean NOT NULL,
    daily_seasonality boolean NOT NULL,
    weekly_seasonality boolean NOT NULL,
    yearly_seasonality boolean NOT NULL
);


ALTER TABLE asset_type OWNER TO a1test;

--
-- Name: bvp_roles; Type: TABLE; Schema: public; Owner: a1test
--

CREATE TABLE bvp_roles (
    id integer NOT NULL,
    name character varying(80),
    description character varying(255)
);


ALTER TABLE bvp_roles OWNER TO a1test;

--
-- Name: bvp_roles_id_seq; Type: SEQUENCE; Schema: public; Owner: a1test
--

CREATE SEQUENCE bvp_roles_id_seq
    START WITH 1
    INCREMENT BY 1
    NO MINVALUE
    NO MAXVALUE
    CACHE 1;


ALTER TABLE bvp_roles_id_seq OWNER TO a1test;

--
-- Name: bvp_roles_id_seq; Type: SEQUENCE OWNED BY; Schema: public; Owner: a1test
--

ALTER SEQUENCE bvp_roles_id_seq OWNED BY bvp_roles.id;


--
-- Name: bvp_roles_users; Type: TABLE; Schema: public; Owner: a1test
--

CREATE TABLE bvp_roles_users (
    id integer NOT NULL,
    user_id integer,
    role_id integer
);


ALTER TABLE bvp_roles_users OWNER TO a1test;

--
-- Name: bvp_roles_users_id_seq; Type: SEQUENCE; Schema: public; Owner: a1test
--

CREATE SEQUENCE bvp_roles_users_id_seq
    START WITH 1
    INCREMENT BY 1
    NO MINVALUE
    NO MAXVALUE
    CACHE 1;


ALTER TABLE bvp_roles_users_id_seq OWNER TO a1test;

--
-- Name: bvp_roles_users_id_seq; Type: SEQUENCE OWNED BY; Schema: public; Owner: a1test
--

ALTER SEQUENCE bvp_roles_users_id_seq OWNED BY bvp_roles_users.id;


--
-- Name: bvp_users; Type: TABLE; Schema: public; Owner: a1test
--

CREATE TABLE bvp_users (
    id integer NOT NULL,
    email character varying(255),
    username character varying(255),
    password character varying(255),
    last_login_at timestamp without time zone,
    login_count integer,
    active boolean,
    timezone character varying(255)
);


ALTER TABLE bvp_users OWNER TO a1test;

--
-- Name: bvp_users_id_seq; Type: SEQUENCE; Schema: public; Owner: a1test
--

CREATE SEQUENCE bvp_users_id_seq
    START WITH 1
    INCREMENT BY 1
    NO MINVALUE
    NO MAXVALUE
    CACHE 1;


ALTER TABLE bvp_users_id_seq OWNER TO a1test;

--
-- Name: bvp_users_id_seq; Type: SEQUENCE OWNED BY; Schema: public; Owner: a1test
--

ALTER SEQUENCE bvp_users_id_seq OWNED BY bvp_users.id;


--
-- Name: market; Type: TABLE; Schema: public; Owner: a1test
--

CREATE TABLE market (
    id integer NOT NULL,
    name character varying(80),
    market_type_name character varying(80) NOT NULL
);


ALTER TABLE market OWNER TO a1test;

--
-- Name: market_id_seq; Type: SEQUENCE; Schema: public; Owner: a1test
--

CREATE SEQUENCE market_id_seq
    START WITH 1
    INCREMENT BY 1
    NO MINVALUE
    NO MAXVALUE
    CACHE 1;


ALTER TABLE market_id_seq OWNER TO a1test;

--
-- Name: market_id_seq; Type: SEQUENCE OWNED BY; Schema: public; Owner: a1test
--

ALTER SEQUENCE market_id_seq OWNED BY market.id;


--
-- Name: market_type; Type: TABLE; Schema: public; Owner: a1test
--

CREATE TABLE market_type (
    name character varying(80) NOT NULL,
    daily_seasonality boolean NOT NULL,
    weekly_seasonality boolean NOT NULL,
    yearly_seasonality boolean NOT NULL
);


ALTER TABLE market_type OWNER TO a1test;

--
-- Name: power; Type: TABLE; Schema: public; Owner: a1test
--

CREATE TABLE power (
    datetime timestamp with time zone NOT NULL,
    asset_id integer NOT NULL,
    value double precision NOT NULL,
    horizon character varying(6) NOT NULL
);


ALTER TABLE power OWNER TO a1test;

--
-- Name: price; Type: TABLE; Schema: public; Owner: a1test
--

CREATE TABLE price (
    datetime timestamp with time zone NOT NULL,
    market_id integer NOT NULL,
    value double precision NOT NULL,
    horizon character varying(6) NOT NULL
);


ALTER TABLE price OWNER TO a1test;

--
-- Name: weather; Type: TABLE; Schema: public; Owner: a1test
--

CREATE TABLE weather (
    sensor_id integer NOT NULL,
    datetime timestamp with time zone NOT NULL,
    value double precision NOT NULL,
    horizon character varying(6) NOT NULL
);


ALTER TABLE weather OWNER TO a1test;

--
-- Name: weather_sensor; Type: TABLE; Schema: public; Owner: a1test
--

CREATE TABLE weather_sensor (
    id integer NOT NULL,
    name character varying(80),
    weather_sensor_type_name character varying(80) NOT NULL
);


ALTER TABLE weather_sensor OWNER TO a1test;

--
-- Name: weather_sensor_id_seq; Type: SEQUENCE; Schema: public; Owner: a1test
--

CREATE SEQUENCE weather_sensor_id_seq
    START WITH 1
    INCREMENT BY 1
    NO MINVALUE
    NO MAXVALUE
    CACHE 1;


ALTER TABLE weather_sensor_id_seq OWNER TO a1test;

--
-- Name: weather_sensor_id_seq; Type: SEQUENCE OWNED BY; Schema: public; Owner: a1test
--

ALTER SEQUENCE weather_sensor_id_seq OWNED BY weather_sensor.id;


--
-- Name: weather_sensor_type; Type: TABLE; Schema: public; Owner: a1test
--

CREATE TABLE weather_sensor_type (
    name character varying(80) NOT NULL
);


ALTER TABLE weather_sensor_type OWNER TO a1test;

--
-- Name: asset id; Type: DEFAULT; Schema: public; Owner: a1test
--

ALTER TABLE ONLY asset ALTER COLUMN id SET DEFAULT nextval('asset_id_seq'::regclass);


--
-- Name: bvp_roles id; Type: DEFAULT; Schema: public; Owner: a1test
--

ALTER TABLE ONLY bvp_roles ALTER COLUMN id SET DEFAULT nextval('bvp_roles_id_seq'::regclass);


--
-- Name: bvp_roles_users id; Type: DEFAULT; Schema: public; Owner: a1test
--

ALTER TABLE ONLY bvp_roles_users ALTER COLUMN id SET DEFAULT nextval('bvp_roles_users_id_seq'::regclass);


--
-- Name: bvp_users id; Type: DEFAULT; Schema: public; Owner: a1test
--

ALTER TABLE ONLY bvp_users ALTER COLUMN id SET DEFAULT nextval('bvp_users_id_seq'::regclass);


--
-- Name: market id; Type: DEFAULT; Schema: public; Owner: a1test
--

ALTER TABLE ONLY market ALTER COLUMN id SET DEFAULT nextval('market_id_seq'::regclass);


--
-- Name: weather_sensor id; Type: DEFAULT; Schema: public; Owner: a1test
--

ALTER TABLE ONLY weather_sensor ALTER COLUMN id SET DEFAULT nextval('weather_sensor_id_seq'::regclass);


--
-- Data for Name: alembic_version; Type: TABLE DATA; Schema: public; Owner: a1test
--

COPY alembic_version (version_num) FROM stdin;
91a938bfa5a8
\.


--
-- Data for Name: asset; Type: TABLE DATA; Schema: public; Owner: a1test
--

COPY asset (id, asset_type_name, name, display_name, capacity_in_mw, latitude, longitude, owner_id) FROM stdin;
64	building	jeju_dream_tower	Jeju Dream Tower	0.403082800000000019	33.4843866000000006	126.477858999999995	50
65	solar	jc_pv	JoCheon Solar	11.4930000000000003	33.5337439999999987	126.675211000000004	47
66	wind	hw-onshore	HaengWon	9.79499999999999993	33.5211090000000027	126.823555999999996	48
67	wind	aa-offshore	Aa Offshore	20	33.4863085838379817	126.425401249510358	48
\.


--
-- Name: asset_id_seq; Type: SEQUENCE SET; Schema: public; Owner: a1test
--

SELECT pg_catalog.setval('asset_id_seq', 67, true);


--
-- Data for Name: asset_type; Type: TABLE DATA; Schema: public; Owner: a1test
--

COPY asset_type (name, is_consumer, is_producer, can_curtail, can_shift, daily_seasonality, weekly_seasonality, yearly_seasonality) FROM stdin;
solar	f	t	f	f	t	f	t
wind	f	t	t	f	t	f	t
charging_station	t	f	f	t	t	t	t
battery	t	t	t	t	t	t	t
building	t	f	f	t	t	t	t
\.


--
-- Data for Name: bvp_roles; Type: TABLE DATA; Schema: public; Owner: a1test
--

COPY bvp_roles (id, name, description) FROM stdin;
22	admin	An admin has access to all assets and controls.
23	asset-owner	An asset owner can has access to a subset of assets.
\.


--
-- Name: bvp_roles_id_seq; Type: SEQUENCE SET; Schema: public; Owner: a1test
--

SELECT pg_catalog.setval('bvp_roles_id_seq', 23, true);


--
-- Data for Name: bvp_roles_users; Type: TABLE DATA; Schema: public; Owner: a1test
--

COPY bvp_roles_users (id, user_id, role_id) FROM stdin;
22	49	23
23	48	23
24	45	22
25	50	23
26	47	23
27	44	22
28	43	22
29	46	22
\.


--
-- Name: bvp_roles_users_id_seq; Type: SEQUENCE SET; Schema: public; Owner: a1test
--

SELECT pg_catalog.setval('bvp_roles_users_id_seq', 29, true);


--
-- Data for Name: bvp_users; Type: TABLE DATA; Schema: public; Owner: a1test
--

COPY bvp_users (id, email, username, password, last_login_at, login_count, active, timezone) FROM stdin;
43	iam@nicolashoening.de	nicolas	$2b$12$kgb5DTpKvx6QfDKmTx5t3eTwU7d5bSakStE.gEI.8JITZUckvLt5.	\N	\N	t	Europe/Amsterdam
44	felix@seita.nl	felix	$2b$12$bBkArMAYep0HTtry3tJAF.p3vsqa52XjNcBJ5opy93SZetdDzHZHq	\N	\N	t	Europe/Amsterdam
45	shinky@ynu.ac.kr	ki_yeol	$2b$12$Z6xyHJOI9w07mPlIzIMSKeeiUfmF5ZZBNFGdd4J6xBUAC1ArdYGdK	\N	\N	t	Asia/Seoul
46	michael.kaisers@cwi.nl	michael	$2b$12$IyOwnrTxjSmxTk3W.OBRnOpq0.n220eg0W9JE16E6Nt7ycLWH79.W	\N	\N	t	Europe/Amsterdam
47	solar@seita.nl	mocked solar-owner	$2b$12$12Hng8HQWp7UEMxwqlB2BenRBkOBcPA1O8diZxagWNl.hE8/6ew9q	\N	\N	t	Asia/Seoul
48	wind@seita.nl	mocked wind-owner	$2b$12$F83qHeO7RXTnV8dPoHASJOAki/JsghuGp0dtNcVCxmOjlE8ZJfH4y	\N	\N	t	Asia/Seoul
49	charging_station@seita.nl	mocked charging_station-owner	$2b$12$brP9zG.RwGTw5xX3QK6FN.QeQC9zyCaKTsLVfLdX3FEU2XLN1hbLG	\N	\N	t	Asia/Seoul
50	building@seita.nl	mocked building-owner	$2b$12$UAB1wHGOrkLMQGE/1yDSw.pgPyw/lA5p.YqY.wcLl66zAvBbbW/aa	\N	\N	t	Asia/Seoul
\.


--
-- Name: bvp_users_id_seq; Type: SEQUENCE SET; Schema: public; Owner: a1test
--

SELECT pg_catalog.setval('bvp_users_id_seq', 50, true);


--
-- Data for Name: market; Type: TABLE DATA; Schema: public; Owner: a1test
--

COPY market (id, name, market_type_name) FROM stdin;
1	epex_da	day_ahead
\.


--
-- Name: market_id_seq; Type: SEQUENCE SET; Schema: public; Owner: a1test
--

SELECT pg_catalog.setval('market_id_seq', 1, true);


--
-- Data for Name: market_type; Type: TABLE DATA; Schema: public; Owner: a1test
--

COPY market_type (name, daily_seasonality, weekly_seasonality, yearly_seasonality) FROM stdin;
day_ahead	t	t	t
\.


--
-- Data for Name: power; Type: TABLE DATA; Schema: public; Owner: a1test
--

COPY power (datetime, asset_id, value, horizon) FROM stdin;
2014-12-31 16:00:00+01	64	-0.231208499999999983	PT0M
2014-12-31 16:15:00+01	64	-0.231208499999999983	PT0M
2014-12-31 16:30:00+01	64	-0.231208499999999983	PT0M
2014-12-31 16:45:00+01	64	-0.231208499999999983	PT0M
2014-12-31 17:00:00+01	64	-0.208757499999999985	PT0M
2014-12-31 17:15:00+01	64	-0.208757499999999985	PT0M
2014-12-31 17:30:00+01	64	-0.208757499999999985	PT0M
2014-12-31 17:45:00+01	64	-0.208757499999999985	PT0M
2014-12-31 18:00:00+01	64	-0.16511519999999999	PT0M
2014-12-31 18:15:00+01	64	-0.16511519999999999	PT0M
2014-12-31 18:30:00+01	64	-0.16511519999999999	PT0M
2014-12-31 18:45:00+01	64	-0.16511519999999999	PT0M
2014-12-31 19:00:00+01	64	-0.137586299999999995	PT0M
2014-12-31 19:15:00+01	64	-0.137586299999999995	PT0M
2014-12-31 19:30:00+01	64	-0.137586299999999995	PT0M
2014-12-31 19:45:00+01	64	-0.137586299999999995	PT0M
2014-12-31 20:00:00+01	64	-0.108383799999999988	PT0M
2014-12-31 20:15:00+01	64	-0.108383799999999988	PT0M
2014-12-31 20:30:00+01	64	-0.108383799999999988	PT0M
2014-12-31 20:45:00+01	64	-0.108383799999999988	PT0M
2014-12-31 21:00:00+01	64	-0.0948979999999999962	PT0M
2014-12-31 21:15:00+01	64	-0.0948979999999999962	PT0M
2014-12-31 21:30:00+01	64	-0.0948979999999999962	PT0M
2014-12-31 21:45:00+01	64	-0.0948979999999999962	PT0M
2014-12-31 22:00:00+01	64	-0.0987915000000000043	PT0M
2014-12-31 22:15:00+01	64	-0.0987915000000000043	PT0M
2014-12-31 22:30:00+01	64	-0.0987915000000000043	PT0M
2014-12-31 22:45:00+01	64	-0.0987915000000000043	PT0M
2014-12-31 23:00:00+01	64	-0.106839500000000004	PT0M
2014-12-31 23:15:00+01	64	-0.106839500000000004	PT0M
2014-12-31 23:30:00+01	64	-0.106839500000000004	PT0M
2014-12-31 23:45:00+01	64	-0.106839500000000004	PT0M
2015-01-01 00:00:00+01	64	-0.126988999999999991	PT0M
2015-01-01 00:15:00+01	64	-0.126988999999999991	PT0M
2015-01-01 00:30:00+01	64	-0.126988999999999991	PT0M
2015-01-01 00:45:00+01	64	-0.126988999999999991	PT0M
2015-01-01 01:00:00+01	64	-0.156497500000000012	PT0M
2015-01-01 01:15:00+01	64	-0.156497500000000012	PT0M
2015-01-01 01:30:00+01	64	-0.156497500000000012	PT0M
2015-01-01 01:45:00+01	64	-0.156497500000000012	PT0M
2015-01-01 02:00:00+01	64	-0.21064250000000001	PT0M
2015-01-01 02:15:00+01	64	-0.21064250000000001	PT0M
2015-01-01 02:30:00+01	64	-0.21064250000000001	PT0M
2015-01-01 02:45:00+01	64	-0.21064250000000001	PT0M
2015-01-01 03:00:00+01	64	-0.237593700000000019	PT0M
2015-01-01 03:15:00+01	64	-0.237593700000000019	PT0M
2015-01-01 03:30:00+01	64	-0.237593700000000019	PT0M
2015-01-01 03:45:00+01	64	-0.237593700000000019	PT0M
2015-01-01 04:00:00+01	64	-0.249721799999999994	PT0M
2015-01-01 04:15:00+01	64	-0.249721799999999994	PT0M
2015-01-01 04:30:00+01	64	-0.249721799999999994	PT0M
2015-01-01 04:45:00+01	64	-0.249721799999999994	PT0M
2015-01-01 05:00:00+01	64	-0.245091699999999996	PT0M
2015-01-01 05:15:00+01	64	-0.245091699999999996	PT0M
2015-01-01 05:30:00+01	64	-0.245091699999999996	PT0M
2015-01-01 05:45:00+01	64	-0.245091699999999996	PT0M
2015-01-01 06:00:00+01	64	-0.249062999999999979	PT0M
2015-01-01 06:15:00+01	64	-0.249062999999999979	PT0M
2015-01-01 06:30:00+01	64	-0.249062999999999979	PT0M
2015-01-01 06:45:00+01	64	-0.249062999999999979	PT0M
2015-01-01 07:00:00+01	64	-0.235991299999999987	PT0M
2015-01-01 07:15:00+01	64	-0.235991299999999987	PT0M
2015-01-01 07:30:00+01	64	-0.235991299999999987	PT0M
2015-01-01 07:45:00+01	64	-0.235991299999999987	PT0M
2015-01-01 08:00:00+01	64	-0.264290299999999978	PT0M
2015-01-01 08:15:00+01	64	-0.264290299999999978	PT0M
2015-01-01 08:30:00+01	64	-0.264290299999999978	PT0M
2015-01-01 08:45:00+01	64	-0.264290299999999978	PT0M
2015-01-01 09:00:00+01	64	-0.333598799999999973	PT0M
2015-01-01 09:15:00+01	64	-0.333598799999999973	PT0M
2015-01-01 09:30:00+01	64	-0.333598799999999973	PT0M
2015-01-01 09:45:00+01	64	-0.333598799999999973	PT0M
2015-01-01 10:00:00+01	64	-0.345137499999999986	PT0M
2015-01-01 10:15:00+01	64	-0.345137499999999986	PT0M
2015-01-01 10:30:00+01	64	-0.345137499999999986	PT0M
2015-01-01 10:45:00+01	64	-0.345137499999999986	PT0M
2015-01-01 11:00:00+01	64	-0.341698800000000025	PT0M
2015-01-01 11:15:00+01	64	-0.341698800000000025	PT0M
2015-01-01 11:30:00+01	64	-0.341698800000000025	PT0M
2015-01-01 11:45:00+01	64	-0.341698800000000025	PT0M
2015-01-01 12:00:00+01	64	-0.318459999999999965	PT0M
2015-01-01 12:15:00+01	64	-0.318459999999999965	PT0M
2015-01-01 12:30:00+01	64	-0.318459999999999965	PT0M
2015-01-01 12:45:00+01	64	-0.318459999999999965	PT0M
2015-01-01 13:00:00+01	64	-0.304484000000000032	PT0M
2015-01-01 13:15:00+01	64	-0.304484000000000032	PT0M
2015-01-01 13:30:00+01	64	-0.304484000000000032	PT0M
2015-01-01 13:45:00+01	64	-0.304484000000000032	PT0M
2015-01-01 14:00:00+01	64	-0.27607729999999997	PT0M
2015-01-01 14:15:00+01	64	-0.27607729999999997	PT0M
2015-01-01 14:30:00+01	64	-0.27607729999999997	PT0M
2015-01-01 14:45:00+01	64	-0.27607729999999997	PT0M
2015-01-01 15:00:00+01	64	-0.219127500000000003	PT0M
2015-01-01 15:15:00+01	64	-0.219127500000000003	PT0M
2015-01-01 15:30:00+01	64	-0.219127500000000003	PT0M
2015-01-01 15:45:00+01	64	-0.219127500000000003	PT0M
2015-01-01 16:00:00+01	64	-0.166797500000000015	PT0M
2015-01-01 16:15:00+01	64	-0.166797500000000015	PT0M
2015-01-01 16:30:00+01	64	-0.166797500000000015	PT0M
2015-01-01 16:45:00+01	64	-0.166797500000000015	PT0M
2015-01-01 17:00:00+01	64	-0.122045000000000001	PT0M
2015-01-01 17:15:00+01	64	-0.122045000000000001	PT0M
2015-01-01 17:30:00+01	64	-0.122045000000000001	PT0M
2015-01-01 17:45:00+01	64	-0.122045000000000001	PT0M
2015-01-01 18:00:00+01	64	-0.103811500000000001	PT0M
2015-01-01 18:15:00+01	64	-0.103811500000000001	PT0M
2015-01-01 18:30:00+01	64	-0.103811500000000001	PT0M
2015-01-01 18:45:00+01	64	-0.103811500000000001	PT0M
2015-01-01 19:00:00+01	64	-0.0985049999999999953	PT0M
2015-01-01 19:15:00+01	64	-0.0985049999999999953	PT0M
2015-01-01 19:30:00+01	64	-0.0985049999999999953	PT0M
2015-01-01 19:45:00+01	64	-0.0985049999999999953	PT0M
2015-01-01 20:00:00+01	64	-0.0936639999999999973	PT0M
2015-01-01 20:15:00+01	64	-0.0936639999999999973	PT0M
2015-01-01 20:30:00+01	64	-0.0936639999999999973	PT0M
2015-01-01 20:45:00+01	64	-0.0936639999999999973	PT0M
2015-01-01 21:00:00+01	64	-0.0989227999999999913	PT0M
2015-01-01 21:15:00+01	64	-0.0989227999999999913	PT0M
2015-01-01 21:30:00+01	64	-0.0989227999999999913	PT0M
2015-01-01 21:45:00+01	64	-0.0989227999999999913	PT0M
2015-01-01 22:00:00+01	64	-0.116588200000000003	PT0M
2015-01-01 22:15:00+01	64	-0.116588200000000003	PT0M
2015-01-01 22:30:00+01	64	-0.116588200000000003	PT0M
2015-01-01 22:45:00+01	64	-0.116588200000000003	PT0M
2015-01-01 23:00:00+01	64	-0.1522395	PT0M
2015-01-01 23:15:00+01	64	-0.1522395	PT0M
2015-01-01 23:30:00+01	64	-0.1522395	PT0M
2015-01-01 23:45:00+01	64	-0.1522395	PT0M
2015-01-02 00:00:00+01	64	-0.182203000000000004	PT0M
2015-01-02 00:15:00+01	64	-0.182203000000000004	PT0M
2015-01-02 00:30:00+01	64	-0.182203000000000004	PT0M
2015-01-02 00:45:00+01	64	-0.182203000000000004	PT0M
2015-01-02 01:00:00+01	64	-0.21894630000000001	PT0M
2015-01-02 01:15:00+01	64	-0.21894630000000001	PT0M
2015-01-02 01:30:00+01	64	-0.21894630000000001	PT0M
2015-01-02 01:45:00+01	64	-0.21894630000000001	PT0M
2015-01-02 02:00:00+01	64	-0.228642700000000004	PT0M
2015-01-02 02:15:00+01	64	-0.228642700000000004	PT0M
2015-01-02 02:30:00+01	64	-0.228642700000000004	PT0M
2015-01-02 02:45:00+01	64	-0.228642700000000004	PT0M
2015-01-02 03:00:00+01	64	-0.218187500000000006	PT0M
2015-01-02 03:15:00+01	64	-0.218187500000000006	PT0M
2015-01-02 03:30:00+01	64	-0.218187500000000006	PT0M
2015-01-02 03:45:00+01	64	-0.218187500000000006	PT0M
2015-01-02 04:00:00+01	64	-0.222512700000000008	PT0M
2015-01-02 04:15:00+01	64	-0.222512700000000008	PT0M
2015-01-02 04:30:00+01	64	-0.222512700000000008	PT0M
2015-01-02 04:45:00+01	64	-0.222512700000000008	PT0M
2015-01-02 05:00:00+01	64	-0.208199700000000015	PT0M
2015-01-02 05:15:00+01	64	-0.208199700000000015	PT0M
2015-01-02 05:30:00+01	64	-0.208199700000000015	PT0M
2015-01-02 05:45:00+01	64	-0.208199700000000015	PT0M
2015-01-02 06:00:00+01	64	-0.201745299999999989	PT0M
2015-01-02 06:15:00+01	64	-0.201745299999999989	PT0M
2015-01-02 06:30:00+01	64	-0.201745299999999989	PT0M
2015-01-02 06:45:00+01	64	-0.201745299999999989	PT0M
2015-01-02 07:00:00+01	64	-0.199503700000000006	PT0M
2015-01-02 07:15:00+01	64	-0.199503700000000006	PT0M
2015-01-02 07:30:00+01	64	-0.199503700000000006	PT0M
2015-01-02 07:45:00+01	64	-0.199503700000000006	PT0M
2015-01-02 08:00:00+01	64	-0.252533200000000013	PT0M
2015-01-02 08:15:00+01	64	-0.252533200000000013	PT0M
2015-01-02 08:30:00+01	64	-0.252533200000000013	PT0M
2015-01-02 08:45:00+01	64	-0.252533200000000013	PT0M
2015-01-02 09:00:00+01	64	-0.347263199999999994	PT0M
2015-01-02 09:15:00+01	64	-0.347263199999999994	PT0M
2015-01-02 09:30:00+01	64	-0.347263199999999994	PT0M
2015-01-02 09:45:00+01	64	-0.347263199999999994	PT0M
2015-01-02 10:00:00+01	64	-0.363549799999999979	PT0M
2015-01-02 10:15:00+01	64	-0.363549799999999979	PT0M
2015-01-02 10:30:00+01	64	-0.363549799999999979	PT0M
2015-01-02 10:45:00+01	64	-0.363549799999999979	PT0M
2015-01-02 11:00:00+01	64	-0.353409799999999996	PT0M
2015-01-02 11:15:00+01	64	-0.353409799999999996	PT0M
2015-01-02 11:30:00+01	64	-0.353409799999999996	PT0M
2015-01-02 11:45:00+01	64	-0.353409799999999996	PT0M
2015-01-02 12:00:00+01	64	-0.337611300000000003	PT0M
2015-01-02 12:15:00+01	64	-0.337611300000000003	PT0M
2015-01-02 12:30:00+01	64	-0.337611300000000003	PT0M
2015-01-02 12:45:00+01	64	-0.337611300000000003	PT0M
2015-01-02 13:00:00+01	64	-0.3255305	PT0M
2015-01-02 13:15:00+01	64	-0.3255305	PT0M
2015-01-02 13:30:00+01	64	-0.3255305	PT0M
2015-01-02 13:45:00+01	64	-0.3255305	PT0M
2015-01-02 14:00:00+01	64	-0.300675000000000026	PT0M
2015-01-02 14:15:00+01	64	-0.300675000000000026	PT0M
2015-01-02 14:30:00+01	64	-0.300675000000000026	PT0M
2015-01-02 14:45:00+01	64	-0.300675000000000026	PT0M
2015-01-02 15:00:00+01	64	-0.248133700000000013	PT0M
2015-01-02 15:15:00+01	64	-0.248133700000000013	PT0M
2015-01-02 15:30:00+01	64	-0.248133700000000013	PT0M
2015-01-02 15:45:00+01	64	-0.248133700000000013	PT0M
2015-01-02 16:00:00+01	64	-0.171146199999999998	PT0M
2015-01-02 16:15:00+01	64	-0.171146199999999998	PT0M
2015-01-02 16:30:00+01	64	-0.171146199999999998	PT0M
2015-01-02 16:45:00+01	64	-0.171146199999999998	PT0M
2015-01-02 17:00:00+01	64	-0.12486499999999999	PT0M
2015-01-02 17:15:00+01	64	-0.12486499999999999	PT0M
2015-01-02 17:30:00+01	64	-0.12486499999999999	PT0M
2015-01-02 17:45:00+01	64	-0.12486499999999999	PT0M
2015-01-02 18:00:00+01	64	-0.106361300000000006	PT0M
2015-01-02 18:15:00+01	64	-0.106361300000000006	PT0M
2015-01-02 18:30:00+01	64	-0.106361300000000006	PT0M
2015-01-02 18:45:00+01	64	-0.106361300000000006	PT0M
2015-01-02 19:00:00+01	64	-0.095962699999999998	PT0M
2015-01-02 19:15:00+01	64	-0.095962699999999998	PT0M
2015-01-02 19:30:00+01	64	-0.095962699999999998	PT0M
2015-01-02 19:45:00+01	64	-0.095962699999999998	PT0M
2015-01-02 20:00:00+01	64	-0.0920366999999999991	PT0M
2015-01-02 20:15:00+01	64	-0.0920366999999999991	PT0M
2015-01-02 20:30:00+01	64	-0.0920366999999999991	PT0M
2015-01-02 20:45:00+01	64	-0.0920366999999999991	PT0M
2015-01-02 21:00:00+01	64	-0.096091800000000005	PT0M
2015-01-02 21:15:00+01	64	-0.096091800000000005	PT0M
2015-01-02 21:30:00+01	64	-0.096091800000000005	PT0M
2015-01-02 21:45:00+01	64	-0.096091800000000005	PT0M
2015-01-02 22:00:00+01	64	-0.113205799999999995	PT0M
2015-01-02 22:15:00+01	64	-0.113205799999999995	PT0M
2015-01-02 22:30:00+01	64	-0.113205799999999995	PT0M
2015-01-02 22:45:00+01	64	-0.113205799999999995	PT0M
2015-01-02 23:00:00+01	64	-0.152554499999999982	PT0M
2015-01-02 23:15:00+01	64	-0.152554499999999982	PT0M
2015-01-02 23:30:00+01	64	-0.152554499999999982	PT0M
2015-01-02 23:45:00+01	64	-0.152554499999999982	PT0M
2015-01-03 00:00:00+01	64	-0.183326799999999984	PT0M
2015-01-03 00:15:00+01	64	-0.183326799999999984	PT0M
2015-01-03 00:30:00+01	64	-0.183326799999999984	PT0M
2015-01-03 00:45:00+01	64	-0.183326799999999984	PT0M
2015-01-03 01:00:00+01	64	-0.214611500000000011	PT0M
2015-01-03 01:15:00+01	64	-0.214611500000000011	PT0M
2015-01-03 01:30:00+01	64	-0.214611500000000011	PT0M
2015-01-03 01:45:00+01	64	-0.214611500000000011	PT0M
2015-01-03 02:00:00+01	64	-0.22158449999999999	PT0M
2015-01-03 02:15:00+01	64	-0.22158449999999999	PT0M
2015-01-03 02:30:00+01	64	-0.22158449999999999	PT0M
2015-01-03 02:45:00+01	64	-0.22158449999999999	PT0M
2015-01-03 03:00:00+01	64	-0.209482200000000007	PT0M
2015-01-03 03:15:00+01	64	-0.209482200000000007	PT0M
2015-01-03 03:30:00+01	64	-0.209482200000000007	PT0M
2015-01-03 03:45:00+01	64	-0.209482200000000007	PT0M
2015-01-03 04:00:00+01	64	-0.216487499999999999	PT0M
2015-01-03 04:15:00+01	64	-0.216487499999999999	PT0M
2015-01-03 04:30:00+01	64	-0.216487499999999999	PT0M
2015-01-03 04:45:00+01	64	-0.216487499999999999	PT0M
2015-01-03 05:00:00+01	64	-0.210020999999999985	PT0M
2015-01-03 05:15:00+01	64	-0.210020999999999985	PT0M
2015-01-03 05:30:00+01	64	-0.210020999999999985	PT0M
2015-01-03 05:45:00+01	64	-0.210020999999999985	PT0M
2015-01-03 06:00:00+01	64	-0.206082199999999993	PT0M
2015-01-03 06:15:00+01	64	-0.206082199999999993	PT0M
2015-01-03 06:30:00+01	64	-0.206082199999999993	PT0M
2015-01-03 06:45:00+01	64	-0.206082199999999993	PT0M
2015-01-03 07:00:00+01	64	-0.210760300000000012	PT0M
2015-01-03 07:15:00+01	64	-0.210760300000000012	PT0M
2015-01-03 07:30:00+01	64	-0.210760300000000012	PT0M
2015-01-03 07:45:00+01	64	-0.210760300000000012	PT0M
2015-01-03 08:00:00+01	64	-0.2566137	PT0M
2015-01-03 08:15:00+01	64	-0.2566137	PT0M
2015-01-03 08:30:00+01	64	-0.2566137	PT0M
2015-01-03 08:45:00+01	64	-0.2566137	PT0M
2015-01-03 09:00:00+01	64	-0.343423800000000001	PT0M
2015-01-03 09:15:00+01	64	-0.343423800000000001	PT0M
2015-01-03 09:30:00+01	64	-0.343423800000000001	PT0M
2015-01-03 09:45:00+01	64	-0.343423800000000001	PT0M
2015-01-03 10:00:00+01	64	-0.361842300000000006	PT0M
2015-01-03 10:15:00+01	64	-0.361842300000000006	PT0M
2015-01-03 10:30:00+01	64	-0.361842300000000006	PT0M
2015-01-03 10:45:00+01	64	-0.361842300000000006	PT0M
2015-01-03 11:00:00+01	64	-0.347196500000000019	PT0M
2015-01-03 11:15:00+01	64	-0.347196500000000019	PT0M
2015-01-03 11:30:00+01	64	-0.347196500000000019	PT0M
2015-01-03 11:45:00+01	64	-0.347196500000000019	PT0M
2015-01-03 12:00:00+01	64	-0.324642500000000001	PT0M
2015-01-03 12:15:00+01	64	-0.324642500000000001	PT0M
2015-01-03 12:30:00+01	64	-0.324642500000000001	PT0M
2015-01-03 12:45:00+01	64	-0.324642500000000001	PT0M
2015-01-03 13:00:00+01	64	-0.311752699999999994	PT0M
2015-01-03 13:15:00+01	64	-0.311752699999999994	PT0M
2015-01-03 13:30:00+01	64	-0.311752699999999994	PT0M
2015-01-03 13:45:00+01	64	-0.311752699999999994	PT0M
2015-01-03 14:00:00+01	64	-0.288968500000000017	PT0M
2015-01-03 14:15:00+01	64	-0.288968500000000017	PT0M
2015-01-03 14:30:00+01	64	-0.288968500000000017	PT0M
2015-01-03 14:45:00+01	64	-0.288968500000000017	PT0M
2015-01-03 15:00:00+01	64	-0.244186700000000007	PT0M
2015-01-03 15:15:00+01	64	-0.244186700000000007	PT0M
2015-01-03 15:30:00+01	64	-0.244186700000000007	PT0M
2015-01-03 15:45:00+01	64	-0.244186700000000007	PT0M
2015-01-03 16:00:00+01	64	-0.178652299999999986	PT0M
2015-01-03 16:15:00+01	64	-0.178652299999999986	PT0M
2015-01-03 16:30:00+01	64	-0.178652299999999986	PT0M
2015-01-03 16:45:00+01	64	-0.178652299999999986	PT0M
2015-01-03 17:00:00+01	64	-0.126661799999999991	PT0M
2015-01-03 17:15:00+01	64	-0.126661799999999991	PT0M
2015-01-03 17:30:00+01	64	-0.126661799999999991	PT0M
2015-01-03 17:45:00+01	64	-0.126661799999999991	PT0M
2015-01-03 18:00:00+01	64	-0.104100800000000007	PT0M
2015-01-03 18:15:00+01	64	-0.104100800000000007	PT0M
2015-01-03 18:30:00+01	64	-0.104100800000000007	PT0M
2015-01-03 18:45:00+01	64	-0.104100800000000007	PT0M
2015-01-03 19:00:00+01	64	-0.0955094999999999972	PT0M
2015-01-03 19:15:00+01	64	-0.0955094999999999972	PT0M
2015-01-03 19:30:00+01	64	-0.0955094999999999972	PT0M
2015-01-03 19:45:00+01	64	-0.0955094999999999972	PT0M
2015-01-03 20:00:00+01	64	-0.0925952999999999915	PT0M
2015-01-03 20:15:00+01	64	-0.0925952999999999915	PT0M
2015-01-03 20:30:00+01	64	-0.0925952999999999915	PT0M
2015-01-03 20:45:00+01	64	-0.0925952999999999915	PT0M
2015-01-03 21:00:00+01	64	-0.0950000000000000011	PT0M
2015-01-03 21:15:00+01	64	-0.0950000000000000011	PT0M
2015-01-03 21:30:00+01	64	-0.0950000000000000011	PT0M
2015-01-03 21:45:00+01	64	-0.0950000000000000011	PT0M
2015-01-03 22:00:00+01	64	-0.113857299999999995	PT0M
2015-01-03 22:15:00+01	64	-0.113857299999999995	PT0M
2015-01-03 22:30:00+01	64	-0.113857299999999995	PT0M
2015-01-03 22:45:00+01	64	-0.113857299999999995	PT0M
2015-01-03 23:00:00+01	64	-0.153928800000000005	PT0M
2015-01-03 23:15:00+01	64	-0.153928800000000005	PT0M
2015-01-03 23:30:00+01	64	-0.153928800000000005	PT0M
2015-01-03 23:45:00+01	64	-0.153928800000000005	PT0M
2015-01-04 00:00:00+01	64	-0.187792300000000023	PT0M
2015-01-04 00:15:00+01	64	-0.187792300000000023	PT0M
2015-01-04 00:30:00+01	64	-0.187792300000000023	PT0M
2015-01-04 00:45:00+01	64	-0.187792300000000023	PT0M
2015-01-04 01:00:00+01	64	-0.217502799999999996	PT0M
2015-01-04 01:15:00+01	64	-0.217502799999999996	PT0M
2015-01-04 01:30:00+01	64	-0.217502799999999996	PT0M
2015-01-04 01:45:00+01	64	-0.217502799999999996	PT0M
2015-01-04 02:00:00+01	64	-0.233455200000000002	PT0M
2015-01-04 02:15:00+01	64	-0.233455200000000002	PT0M
2015-01-04 02:30:00+01	64	-0.233455200000000002	PT0M
2015-01-04 02:45:00+01	64	-0.233455200000000002	PT0M
2015-01-04 03:00:00+01	64	-0.234627999999999975	PT0M
2015-01-04 03:15:00+01	64	-0.234627999999999975	PT0M
2015-01-04 03:30:00+01	64	-0.234627999999999975	PT0M
2015-01-04 03:45:00+01	64	-0.234627999999999975	PT0M
2015-01-04 04:00:00+01	64	-0.233342500000000008	PT0M
2015-01-04 04:15:00+01	64	-0.233342500000000008	PT0M
2015-01-04 04:30:00+01	64	-0.233342500000000008	PT0M
2015-01-04 04:45:00+01	64	-0.233342500000000008	PT0M
2015-01-04 05:00:00+01	64	-0.233807000000000015	PT0M
2015-01-04 05:15:00+01	64	-0.233807000000000015	PT0M
2015-01-04 05:30:00+01	64	-0.233807000000000015	PT0M
2015-01-04 05:45:00+01	64	-0.233807000000000015	PT0M
2015-01-04 06:00:00+01	64	-0.227650999999999992	PT0M
2015-01-04 06:15:00+01	64	-0.227650999999999992	PT0M
2015-01-04 06:30:00+01	64	-0.227650999999999992	PT0M
2015-01-04 06:45:00+01	64	-0.227650999999999992	PT0M
2015-01-04 07:00:00+01	64	-0.226922199999999991	PT0M
2015-01-04 07:15:00+01	64	-0.226922199999999991	PT0M
2015-01-04 07:30:00+01	64	-0.226922199999999991	PT0M
2015-01-04 07:45:00+01	64	-0.226922199999999991	PT0M
2015-01-04 08:00:00+01	64	-0.269499500000000003	PT0M
2015-01-04 08:15:00+01	64	-0.269499500000000003	PT0M
2015-01-04 08:30:00+01	64	-0.269499500000000003	PT0M
2015-01-04 08:45:00+01	64	-0.269499500000000003	PT0M
2015-01-04 09:00:00+01	64	-0.359279499999999974	PT0M
2015-01-04 09:15:00+01	64	-0.359279499999999974	PT0M
2015-01-04 09:30:00+01	64	-0.359279499999999974	PT0M
2015-01-04 09:45:00+01	64	-0.359279499999999974	PT0M
2015-01-04 10:00:00+01	64	-0.371135999999999966	PT0M
2015-01-04 10:15:00+01	64	-0.371135999999999966	PT0M
2015-01-04 10:30:00+01	64	-0.371135999999999966	PT0M
2015-01-04 10:45:00+01	64	-0.371135999999999966	PT0M
2015-01-04 11:00:00+01	64	-0.349099699999999957	PT0M
2015-01-04 11:15:00+01	64	-0.349099699999999957	PT0M
2015-01-04 11:30:00+01	64	-0.349099699999999957	PT0M
2015-01-04 11:45:00+01	64	-0.349099699999999957	PT0M
2015-01-04 12:00:00+01	64	-0.322899999999999965	PT0M
2015-01-04 12:15:00+01	64	-0.322899999999999965	PT0M
2015-01-04 12:30:00+01	64	-0.322899999999999965	PT0M
2015-01-04 12:45:00+01	64	-0.322899999999999965	PT0M
2015-01-04 13:00:00+01	64	-0.321308800000000006	PT0M
2015-01-04 13:15:00+01	64	-0.321308800000000006	PT0M
2015-01-04 13:30:00+01	64	-0.321308800000000006	PT0M
2015-01-04 13:45:00+01	64	-0.321308800000000006	PT0M
2015-01-04 14:00:00+01	64	-0.298435999999999979	PT0M
2015-01-04 14:15:00+01	64	-0.298435999999999979	PT0M
2015-01-04 14:30:00+01	64	-0.298435999999999979	PT0M
2015-01-04 14:45:00+01	64	-0.298435999999999979	PT0M
2015-01-04 15:00:00+01	64	-0.250995799999999991	PT0M
2015-01-04 15:15:00+01	64	-0.250995799999999991	PT0M
2015-01-04 15:30:00+01	64	-0.250995799999999991	PT0M
2015-01-04 15:45:00+01	64	-0.250995799999999991	PT0M
2014-12-31 16:00:00+01	65	0	PT0M
2014-12-31 16:15:00+01	65	0	PT0M
2014-12-31 16:30:00+01	65	0	PT0M
2014-12-31 16:45:00+01	65	0	PT0M
2014-12-31 17:00:00+01	65	0	PT0M
2014-12-31 17:15:00+01	65	0	PT0M
2014-12-31 17:30:00+01	65	0	PT0M
2014-12-31 17:45:00+01	65	0	PT0M
2014-12-31 18:00:00+01	65	0	PT0M
2014-12-31 18:15:00+01	65	0	PT0M
2014-12-31 18:30:00+01	65	0	PT0M
2014-12-31 18:45:00+01	65	0	PT0M
2014-12-31 19:00:00+01	65	0	PT0M
2014-12-31 19:15:00+01	65	0	PT0M
2014-12-31 19:30:00+01	65	0	PT0M
2014-12-31 19:45:00+01	65	0	PT0M
2014-12-31 20:00:00+01	65	0	PT0M
2014-12-31 20:15:00+01	65	0	PT0M
2014-12-31 20:30:00+01	65	0	PT0M
2014-12-31 20:45:00+01	65	0	PT0M
2014-12-31 21:00:00+01	65	0	PT0M
2014-12-31 21:15:00+01	65	0	PT0M
2014-12-31 21:30:00+01	65	0	PT0M
2014-12-31 21:45:00+01	65	0	PT0M
2014-12-31 22:00:00+01	65	0	PT0M
2014-12-31 22:15:00+01	65	0	PT0M
2014-12-31 22:30:00+01	65	0	PT0M
2014-12-31 22:45:00+01	65	0	PT0M
2014-12-31 23:00:00+01	65	0	PT0M
2014-12-31 23:15:00+01	65	0	PT0M
2014-12-31 23:30:00+01	65	0	PT0M
2014-12-31 23:45:00+01	65	0	PT0M
2015-01-01 00:00:00+01	65	0	PT0M
2015-01-01 00:15:00+01	65	0.00971014837499998944	PT0M
2015-01-01 00:30:00+01	65	0.0291304451250000013	PT0M
2015-01-01 00:45:00+01	65	0.0485507418749999003	PT0M
2015-01-01 01:00:00+01	65	0.0679710386249999937	PT0M
2015-01-01 01:15:00+01	65	0.092955384000000002	PT0M
2015-01-01 01:30:00+01	65	0.123503777999999995	PT0M
2015-01-01 01:45:00+01	65	0.154052171999998988	PT0M
2015-01-01 02:00:00+01	65	0.184600565999999994	PT0M
2015-01-01 02:15:00+01	65	0.216153160875	PT0M
2015-01-01 02:30:00+01	65	0.248709956625000006	PT0M
2015-01-01 02:45:00+01	65	0.281266752374998985	PT0M
2015-01-01 03:00:00+01	65	0.313823548125000018	PT0M
2015-01-01 03:15:00+01	65	0.348674633999998984	PT0M
2015-01-01 03:30:00+01	65	0.385820009999998992	PT0M
2015-01-01 03:45:00+01	65	0.422965385999999999	PT0M
2015-01-01 04:00:00+01	65	0.460110762000000006	PT0M
2015-01-01 04:15:00+01	65	0.480041060625000016	PT0M
2015-01-01 04:30:00+01	65	0.482756281875000026	PT0M
2015-01-01 04:45:00+01	65	0.485471503124998982	PT0M
2015-01-01 05:00:00+01	65	0.488186724374998993	PT0M
2015-01-01 05:15:00+01	65	0.48419865337500001	PT0M
2015-01-01 05:30:00+01	65	0.473507290124998981	PT0M
2015-01-01 05:45:00+01	65	0.462815926875000005	PT0M
2015-01-01 06:00:00+01	65	0.452124563624998976	PT0M
2015-01-01 06:15:00+01	65	0.437137691624998992	PT0M
2015-01-01 06:30:00+01	65	0.417855310874999997	PT0M
2015-01-01 06:45:00+01	65	0.398572930125000002	PT0M
2015-01-01 07:00:00+01	65	0.379290549375000008	PT0M
2015-01-01 07:15:00+01	65	0.354431190374999983	PT0M
2015-01-01 07:30:00+01	65	0.323994853124998983	PT0M
2015-01-01 07:45:00+01	65	0.293558515874999981	PT0M
2015-01-01 08:00:00+01	65	0.263122178624998981	PT0M
2015-01-01 08:15:00+01	65	0.230726284874999993	PT0M
2015-01-01 08:30:00+01	65	0.196370834624998991	PT0M
2015-01-01 08:45:00+01	65	0.162015384374999988	PT0M
2015-01-01 09:00:00+01	65	0.127659934124999014	PT0M
2015-01-01 09:15:00+01	65	0.0972939914999998989	PT0M
2015-01-01 09:30:00+01	65	0.0709175564999998953	PT0M
2015-01-01 09:45:00+01	65	0.0445411215000000027	PT0M
2015-01-01 10:00:00+01	65	0.0181646864999998985	PT0M
2015-01-01 10:15:00+01	65	0.00435441037499998979	PT0M
2015-01-01 10:30:00+01	65	0.00311029312500000002	PT0M
2015-01-01 10:45:00+01	65	0.00186617587500000006	PT0M
2015-01-01 11:00:00+01	65	0.000622058624999999006	PT0M
2015-01-01 11:15:00+01	65	0	PT0M
2015-01-01 11:30:00+01	65	0	PT0M
2015-01-01 11:45:00+01	65	0	PT0M
2015-01-01 12:00:00+01	65	0	PT0M
2015-01-01 12:15:00+01	65	0	PT0M
2015-01-01 12:30:00+01	65	0	PT0M
2015-01-01 12:45:00+01	65	0	PT0M
2015-01-01 13:00:00+01	65	0	PT0M
2015-01-01 13:15:00+01	65	0	PT0M
2015-01-01 13:30:00+01	65	0	PT0M
2015-01-01 13:45:00+01	65	0	PT0M
2015-01-01 14:00:00+01	65	0	PT0M
2015-01-01 14:15:00+01	65	0	PT0M
2015-01-01 14:30:00+01	65	0	PT0M
2015-01-01 14:45:00+01	65	0	PT0M
2015-01-01 15:00:00+01	65	0	PT0M
2015-01-01 15:15:00+01	65	0	PT0M
2015-01-01 15:30:00+01	65	0	PT0M
2015-01-01 15:45:00+01	65	0	PT0M
2015-01-01 16:00:00+01	65	0	PT0M
2015-01-01 16:15:00+01	65	0	PT0M
2015-01-01 16:30:00+01	65	0	PT0M
2015-01-01 16:45:00+01	65	0	PT0M
2015-01-01 17:00:00+01	65	0	PT0M
2015-01-01 17:15:00+01	65	0	PT0M
2015-01-01 17:30:00+01	65	0	PT0M
2015-01-01 17:45:00+01	65	0	PT0M
2015-01-01 18:00:00+01	65	0	PT0M
2015-01-01 18:15:00+01	65	0	PT0M
2015-01-01 18:30:00+01	65	0	PT0M
2015-01-01 18:45:00+01	65	0	PT0M
2015-01-01 19:00:00+01	65	0	PT0M
2015-01-01 19:15:00+01	65	0	PT0M
2015-01-01 19:30:00+01	65	0	PT0M
2015-01-01 19:45:00+01	65	0	PT0M
2015-01-01 20:00:00+01	65	0	PT0M
2015-01-01 20:15:00+01	65	0	PT0M
2015-01-01 20:30:00+01	65	0	PT0M
2015-01-01 20:45:00+01	65	0	PT0M
2015-01-01 21:00:00+01	65	0	PT0M
2015-01-01 21:15:00+01	65	0	PT0M
2015-01-01 21:30:00+01	65	0	PT0M
2015-01-01 21:45:00+01	65	0	PT0M
2015-01-01 22:00:00+01	65	0	PT0M
2015-01-01 22:15:00+01	65	0	PT0M
2015-01-01 22:30:00+01	65	0	PT0M
2015-01-01 22:45:00+01	65	0	PT0M
2015-01-01 23:00:00+01	65	0	PT0M
2015-01-01 23:15:00+01	65	0	PT0M
2015-01-01 23:30:00+01	65	0	PT0M
2015-01-01 23:45:00+01	65	0	PT0M
2015-01-02 00:00:00+01	65	0	PT0M
2015-01-02 00:15:00+01	65	0.0282641602499999998	PT0M
2015-01-02 00:30:00+01	65	0.0847924807499998989	PT0M
2015-01-02 00:45:00+01	65	0.14132080124999899	PT0M
2015-01-02 01:00:00+01	65	0.197849121749999995	PT0M
2015-01-02 01:15:00+01	65	0.277412287500000021	PT0M
2015-01-02 01:30:00+01	65	0.38001029850000001	PT0M
2015-01-02 01:45:00+01	65	0.482608309499999999	PT0M
2015-01-02 02:00:00+01	65	0.585206320499998989	PT0M
2015-01-02 02:15:00+01	65	0.680378416875000003	PT0M
2015-01-02 02:30:00+01	65	0.768124598625000043	PT0M
2015-01-02 02:45:00+01	65	0.855870780374999973	PT0M
2015-01-02 03:00:00+01	65	0.943616962125000014	PT0M
2015-01-02 03:15:00+01	65	0.990212457374998967	PT0M
2015-01-02 03:30:00+01	65	0.995657266125000051	PT0M
2015-01-02 03:45:00+01	65	1.00110207487498992	PT0M
2015-01-02 04:00:00+01	65	1.006546883625	PT0M
2015-01-02 04:15:00+01	65	1.02833186512499997	PT0M
2015-01-02 04:30:00+01	65	1.06645701937500004	PT0M
2015-01-02 04:45:00+01	65	1.10458217362500011	PT0M
2015-01-02 05:00:00+01	65	1.14270732787499996	PT0M
2015-01-02 05:15:00+01	65	1.15069065300000006	PT0M
2015-01-02 05:30:00+01	65	1.12853214899999998	PT0M
2015-01-02 05:45:00+01	65	1.10637364499999991	PT0M
2015-01-02 06:00:00+01	65	1.08421514100000005	PT0M
2015-01-02 06:15:00+01	65	1.07431823137498994	PT0M
2015-01-02 06:30:00+01	65	1.076682916125	PT0M
2015-01-02 06:45:00+01	65	1.07904760087500007	PT0M
2015-01-02 07:00:00+01	65	1.08141228562498992	PT0M
2015-01-02 07:15:00+01	65	1.03349940524999995	PT0M
2015-01-02 07:30:00+01	65	0.935308959749999946	PT0M
2015-01-02 07:45:00+01	65	0.837118514249999945	PT0M
2015-01-02 08:00:00+01	65	0.738928068749999944	PT0M
2015-01-02 08:15:00+01	65	0.641326639500000018	PT0M
2015-01-02 08:30:00+01	65	0.544314226500000053	PT0M
2015-01-02 08:45:00+01	65	0.447301813499998979	PT0M
2015-01-02 09:00:00+01	65	0.350289400500000014	PT0M
2015-01-02 09:15:00+01	65	0.264679480124998978	PT0M
2015-01-02 09:30:00+01	65	0.190472052374999007	PT0M
2015-01-02 09:45:00+01	65	0.116264624624998994	PT0M
2015-01-02 10:00:00+01	65	0.042057196874999897	PT0M
2015-01-02 10:15:00+01	65	0.00433429762499999011	PT0M
2015-01-02 10:30:00+01	65	0.00309592687500000012	PT0M
2015-01-02 10:45:00+01	65	0.00185755612499998997	PT0M
2015-01-02 11:00:00+01	65	0.000619185374999999005	PT0M
2015-01-02 11:15:00+01	65	0	PT0M
2015-01-02 11:30:00+01	65	0	PT0M
2015-01-02 11:45:00+01	65	0	PT0M
2015-01-02 12:00:00+01	65	0	PT0M
2015-01-02 12:15:00+01	65	0	PT0M
2015-01-02 12:30:00+01	65	0	PT0M
2015-01-02 12:45:00+01	65	0	PT0M
2015-01-02 13:00:00+01	65	0	PT0M
2015-01-02 13:15:00+01	65	0	PT0M
2015-01-02 13:30:00+01	65	0	PT0M
2015-01-02 13:45:00+01	65	0	PT0M
2015-01-02 14:00:00+01	65	0	PT0M
2015-01-02 14:15:00+01	65	0	PT0M
2015-01-02 14:30:00+01	65	0	PT0M
2015-01-02 14:45:00+01	65	0	PT0M
2015-01-02 15:00:00+01	65	0	PT0M
2015-01-02 15:15:00+01	65	0	PT0M
2015-01-02 15:30:00+01	65	0	PT0M
2015-01-02 15:45:00+01	65	0	PT0M
2015-01-02 16:00:00+01	65	0	PT0M
2015-01-02 16:15:00+01	65	0	PT0M
2015-01-02 16:30:00+01	65	0	PT0M
2015-01-02 16:45:00+01	65	0	PT0M
2015-01-02 17:00:00+01	65	0	PT0M
2015-01-02 17:15:00+01	65	0	PT0M
2015-01-02 17:30:00+01	65	0	PT0M
2015-01-02 17:45:00+01	65	0	PT0M
2015-01-02 18:00:00+01	65	0	PT0M
2015-01-02 18:15:00+01	65	0	PT0M
2015-01-02 18:30:00+01	65	0	PT0M
2015-01-02 18:45:00+01	65	0	PT0M
2015-01-02 19:00:00+01	65	0	PT0M
2015-01-02 19:15:00+01	65	0	PT0M
2015-01-02 19:30:00+01	65	0	PT0M
2015-01-02 19:45:00+01	65	0	PT0M
2015-01-02 20:00:00+01	65	0	PT0M
2015-01-02 20:15:00+01	65	0	PT0M
2015-01-02 20:30:00+01	65	0	PT0M
2015-01-02 20:45:00+01	65	0	PT0M
2015-01-02 21:00:00+01	65	0	PT0M
2015-01-02 21:15:00+01	65	0	PT0M
2015-01-02 21:30:00+01	65	0	PT0M
2015-01-02 21:45:00+01	65	0	PT0M
2015-01-02 22:00:00+01	65	0	PT0M
2015-01-02 22:15:00+01	65	0	PT0M
2015-01-02 22:30:00+01	65	0	PT0M
2015-01-02 22:45:00+01	65	0	PT0M
2015-01-02 23:00:00+01	65	0	PT0M
2015-01-02 23:15:00+01	65	0	PT0M
2015-01-02 23:30:00+01	65	0	PT0M
2015-01-02 23:45:00+01	65	0	PT0M
2015-01-03 00:00:00+01	65	0	PT0M
2015-01-03 00:15:00+01	65	0.116458568999999998	PT0M
2015-01-03 00:30:00+01	65	0.349375706999998981	PT0M
2015-01-03 00:45:00+01	65	0.582292845000000003	PT0M
2015-01-03 01:00:00+01	65	0.815209982999999028	PT0M
2015-01-03 01:15:00+01	65	1.07186160262500008	PT0M
2015-01-03 01:30:00+01	65	1.35224770387500004	PT0M
2015-01-03 01:45:00+01	65	1.632633805125	PT0M
2015-01-03 02:00:00+01	65	1.91301990637499997	PT0M
2015-01-03 02:15:00+01	65	2.17736034300000014	PT0M
2015-01-03 02:30:00+01	65	2.42565511500000008	PT0M
2015-01-03 02:45:00+01	65	2.67394988700000003	PT0M
2015-01-03 03:00:00+01	65	2.92224465899999997	PT0M
2015-01-03 03:15:00+01	65	3.1230489183749901	PT0M
2015-01-03 03:30:00+01	65	3.27636266512500018	PT0M
2015-01-03 03:45:00+01	65	3.42967641187500005	PT0M
2015-01-03 04:00:00+01	65	3.58299015862499015	PT0M
2015-01-03 04:15:00+01	65	3.68225807287499984	PT0M
2015-01-03 04:30:00+01	65	3.72748015462499005	PT0M
2015-01-03 04:45:00+01	65	3.7727022363749998	PT0M
2015-01-03 05:00:00+01	65	3.81792431812499	PT0M
2015-01-03 05:15:00+01	65	3.83477449274999982	PT0M
2015-01-03 05:30:00+01	65	3.82325276024999017	PT0M
2015-01-03 05:45:00+01	65	3.81173102774998984	PT0M
2015-01-03 06:00:00+01	65	3.80020929525000017	PT0M
2015-01-03 06:15:00+01	65	3.74314798687499017	PT0M
2015-01-03 06:30:00+01	65	3.64054710262499004	PT0M
2015-01-03 06:45:00+01	65	3.5379462183749899	PT0M
2015-01-03 07:00:00+01	65	3.43534533412499998	PT0M
2015-01-03 07:15:00+01	65	3.28540190962500001	PT0M
2015-01-03 07:30:00+01	65	3.08811594487498997	PT0M
2015-01-03 07:45:00+01	65	2.89082998012499015	PT0M
2015-01-03 08:00:00+01	65	2.6935440153750001	PT0M
2015-01-03 08:15:00+01	65	2.41707846374999979	PT0M
2015-01-03 08:30:00+01	65	2.06143332524999989	PT0M
2015-01-03 08:45:00+01	65	1.70578818674999999	PT0M
2015-01-03 09:00:00+01	65	1.35014304825000009	PT0M
2015-01-03 09:15:00+01	65	1.02796408912498993	PT0M
2015-01-03 09:30:00+01	65	0.739251309374999055	PT0M
2015-01-03 09:45:00+01	65	0.450538529624999018	PT0M
2015-01-03 10:00:00+01	65	0.161825749874999009	PT0M
2015-01-03 10:15:00+01	65	0.0152856899999999005	PT0M
2015-01-03 10:30:00+01	65	0.0109183500000000003	PT0M
2015-01-03 10:45:00+01	65	0.00655101000000000034	PT0M
2015-01-03 11:00:00+01	65	0.00218366999999999997	PT0M
2015-01-03 11:15:00+01	65	0	PT0M
2015-01-03 11:30:00+01	65	0	PT0M
2015-01-03 11:45:00+01	65	0	PT0M
2015-01-03 12:00:00+01	65	0	PT0M
2015-01-03 12:15:00+01	65	0	PT0M
2015-01-03 12:30:00+01	65	0	PT0M
2015-01-03 12:45:00+01	65	0	PT0M
2015-01-03 13:00:00+01	65	0	PT0M
2015-01-03 13:15:00+01	65	0	PT0M
2015-01-03 13:30:00+01	65	0	PT0M
2015-01-03 13:45:00+01	65	0	PT0M
2015-01-03 14:00:00+01	65	0	PT0M
2015-01-03 14:15:00+01	65	0	PT0M
2015-01-03 14:30:00+01	65	0	PT0M
2015-01-03 14:45:00+01	65	0	PT0M
2015-01-03 15:00:00+01	65	0	PT0M
2015-01-03 15:15:00+01	65	0	PT0M
2015-01-03 15:30:00+01	65	0	PT0M
2015-01-03 15:45:00+01	65	0	PT0M
2015-01-03 16:00:00+01	65	0	PT0M
2015-01-03 16:15:00+01	65	0	PT0M
2015-01-03 16:30:00+01	65	0	PT0M
2015-01-03 16:45:00+01	65	0	PT0M
2015-01-03 17:00:00+01	65	0	PT0M
2015-01-03 17:15:00+01	65	0	PT0M
2015-01-03 17:30:00+01	65	0	PT0M
2015-01-03 17:45:00+01	65	0	PT0M
2015-01-03 18:00:00+01	65	0	PT0M
2015-01-03 18:15:00+01	65	0	PT0M
2015-01-03 18:30:00+01	65	0	PT0M
2015-01-03 18:45:00+01	65	0	PT0M
2015-01-03 19:00:00+01	65	0	PT0M
2015-01-03 19:15:00+01	65	0	PT0M
2015-01-03 19:30:00+01	65	0	PT0M
2015-01-03 19:45:00+01	65	0	PT0M
2015-01-03 20:00:00+01	65	0	PT0M
2015-01-03 20:15:00+01	65	0	PT0M
2015-01-03 20:30:00+01	65	0	PT0M
2015-01-03 20:45:00+01	65	0	PT0M
2015-01-03 21:00:00+01	65	0	PT0M
2015-01-03 21:15:00+01	65	0	PT0M
2015-01-03 21:30:00+01	65	0	PT0M
2015-01-03 21:45:00+01	65	0	PT0M
2015-01-03 22:00:00+01	65	0	PT0M
2015-01-03 22:15:00+01	65	0	PT0M
2015-01-03 22:30:00+01	65	0	PT0M
2015-01-03 22:45:00+01	65	0	PT0M
2015-01-03 23:00:00+01	65	0	PT0M
2015-01-03 23:15:00+01	65	0	PT0M
2015-01-03 23:30:00+01	65	0	PT0M
2015-01-03 23:45:00+01	65	0	PT0M
2015-01-04 00:00:00+01	65	0	PT0M
2015-01-04 00:15:00+01	65	0.0747648382499999931	PT0M
2015-01-04 00:30:00+01	65	0.224294514750000007	PT0M
2015-01-04 00:45:00+01	65	0.373824191249998994	PT0M
2015-01-04 01:00:00+01	65	0.523353867750000035	PT0M
2015-01-04 01:15:00+01	65	0.719440250625000055	PT0M
2015-01-04 01:30:00+01	65	0.962083339874999055	PT0M
2015-01-04 01:45:00+01	65	1.20472642912498995	PT0M
2015-01-04 02:00:00+01	65	1.44736951837498995	PT0M
2015-01-04 02:15:00+01	65	1.64527035862498994	PT0M
2015-01-04 02:30:00+01	65	1.79842894987498991	PT0M
2015-01-04 02:45:00+01	65	1.9515875411250001	PT0M
2015-01-04 03:00:00+01	65	2.10474613237499986	PT0M
2015-01-04 03:15:00+01	65	2.2442323635000001	PT0M
2015-01-04 03:30:00+01	65	2.37004623450000018	PT0M
2015-01-04 03:45:00+01	65	2.49586010549999981	PT0M
2015-01-04 04:00:00+01	65	2.62167397649999012	PT0M
2015-01-04 04:15:00+01	65	2.70881533912498984	PT0M
2015-01-04 04:30:00+01	65	2.75728419337499009	PT0M
2015-01-04 04:45:00+01	65	2.80575304762500011	PT0M
2015-01-04 05:00:00+01	65	2.85422190187499991	PT0M
2015-01-04 05:15:00+01	65	2.85501922874999003	PT0M
2015-01-04 05:30:00+01	65	2.80814502824999979	PT0M
2015-01-04 05:45:00+01	65	2.76127082774999	PT0M
2015-01-04 06:00:00+01	65	2.71439662725000019	PT0M
2015-01-04 06:15:00+01	65	2.66253159149998986	PT0M
2015-01-04 06:30:00+01	65	2.60567572049999008	PT0M
2015-01-04 06:45:00+01	65	2.54881984950000007	PT0M
2015-01-04 07:00:00+01	65	2.49196397849999984	PT0M
2015-01-04 07:15:00+01	65	2.38397575049999011	PT0M
2015-01-04 07:30:00+01	65	2.22485516550000018	PT0M
2015-01-04 07:45:00+01	65	2.06573458050000003	PT0M
2015-01-04 08:00:00+01	65	1.90661399549999011	PT0M
2015-01-04 08:15:00+01	65	1.71158353199999991	PT0M
2015-01-04 08:30:00+01	65	1.48064318999998989	PT0M
2015-01-04 08:45:00+01	65	1.24970284800000009	PT0M
2015-01-04 09:00:00+01	65	1.01876250599999008	PT0M
2015-01-04 09:15:00+01	65	0.791929474874998984	PT0M
2015-01-04 09:30:00+01	65	0.569203754624998948	PT0M
2015-01-04 09:45:00+01	65	0.346478034374999022	PT0M
2015-01-04 10:00:00+01	65	0.123752314124998999	PT0M
2015-01-04 10:15:00+01	65	0.0108407722499998995	PT0M
2015-01-04 10:30:00+01	65	0.0077434087499999903	PT0M
2015-01-04 10:45:00+01	65	0.00464604524999999002	PT0M
2015-01-04 11:00:00+01	65	0.00154868174999998995	PT0M
2015-01-04 11:15:00+01	65	0	PT0M
2015-01-04 11:30:00+01	65	0	PT0M
2015-01-04 11:45:00+01	65	0	PT0M
2015-01-04 12:00:00+01	65	0	PT0M
2015-01-04 12:15:00+01	65	0	PT0M
2015-01-04 12:30:00+01	65	0	PT0M
2015-01-04 12:45:00+01	65	0	PT0M
2015-01-04 13:00:00+01	65	0	PT0M
2015-01-04 13:15:00+01	65	0	PT0M
2015-01-04 13:30:00+01	65	0	PT0M
2015-01-04 13:45:00+01	65	0	PT0M
2015-01-04 14:00:00+01	65	0	PT0M
2015-01-04 14:15:00+01	65	0	PT0M
2015-01-04 14:30:00+01	65	0	PT0M
2015-01-04 14:45:00+01	65	0	PT0M
2015-01-04 15:00:00+01	65	0	PT0M
2015-01-04 15:15:00+01	65	0	PT0M
2015-01-04 15:30:00+01	65	0	PT0M
2015-01-04 15:45:00+01	65	0	PT0M
2014-12-31 16:00:00+01	66	0.0343314750000000002	PT0M
2014-12-31 16:15:00+01	66	0.0321900431249999008	PT0M
2014-12-31 16:30:00+01	66	0.0279071793750000005	PT0M
2014-12-31 16:45:00+01	66	0.0236243156249999996	PT0M
2014-12-31 17:00:00+01	66	0.0193414518749999015	PT0M
2014-12-31 17:15:00+01	66	0.0150500175000000003	PT0M
2014-12-31 17:30:00+01	66	0.0107500124999999006	PT0M
2014-12-31 17:45:00+01	66	0.00645000749999998998	PT0M
2014-12-31 18:00:00+01	66	0.00215000249999999999	PT0M
2014-12-31 18:15:00+01	66	0.00215734874999998997	PT0M
2014-12-31 18:30:00+01	66	0.00647204625000000026	PT0M
2014-12-31 18:45:00+01	66	0.0107867437499999993	PT0M
2014-12-31 19:00:00+01	66	0.01510144125	PT0M
2014-12-31 19:15:00+01	66	0.0162107249999999016	PT0M
2014-12-31 19:30:00+01	66	0.0141145950000000006	PT0M
2014-12-31 19:45:00+01	66	0.0120184649999999001	PT0M
2014-12-31 20:00:00+01	66	0.00992233499999999914	PT0M
2014-12-31 20:15:00+01	66	0.00776498624999999009	PT0M
2014-12-31 20:30:00+01	66	0.00554641874999999961	PT0M
2014-12-31 20:45:00+01	66	0.00332785125000000003	PT0M
2014-12-31 21:00:00+01	66	0.00110928375000000001	PT0M
2014-12-31 21:15:00+01	66	0	PT0M
2014-12-31 21:30:00+01	66	0	PT0M
2014-12-31 21:45:00+01	66	0	PT0M
2014-12-31 22:00:00+01	66	0	PT0M
2014-12-31 22:15:00+01	66	0.00216347062499998993	PT0M
2014-12-31 22:30:00+01	66	0.00649041187499998975	PT0M
2014-12-31 22:45:00+01	66	0.0108173531249998994	PT0M
2014-12-31 23:00:00+01	66	0.0151442943749999	PT0M
2014-12-31 23:15:00+01	66	0.0225566606249998983	PT0M
2014-12-31 23:30:00+01	66	0.0330544518750000016	PT0M
2014-12-31 23:45:00+01	66	0.0435522431250000008	PT0M
2015-01-01 00:00:00+01	66	0.0540500343750000001	PT0M
2015-01-01 00:15:00+01	66	0.091786496250000002	PT0M
2015-01-01 00:30:00+01	66	0.156761628749998994	PT0M
2015-01-01 00:45:00+01	66	0.221736761249999997	PT0M
2015-01-01 01:00:00+01	66	0.286711893750000002	PT0M
2015-01-01 01:15:00+01	66	0.388491738749998983	PT0M
2015-01-01 01:30:00+01	66	0.527076296249998966	PT0M
2015-01-01 01:45:00+01	66	0.665660853749999948	PT0M
2015-01-01 02:00:00+01	66	0.804245411250000042	PT0M
2015-01-01 02:15:00+01	66	0.873156909375000012	PT0M
2015-01-01 02:30:00+01	66	0.872395348124998971	PT0M
2015-01-01 02:45:00+01	66	0.871633786874999039	PT0M
2015-01-01 03:00:00+01	66	0.870872225624999996	PT0M
2015-01-01 03:15:00+01	66	0.927929325000000027	PT0M
2015-01-01 03:30:00+01	66	1.04280508499998992	PT0M
2015-01-01 03:45:00+01	66	1.15768084500000001	PT0M
2015-01-01 04:00:00+01	66	1.2725566049999999	PT0M
2015-01-01 04:15:00+01	66	1.42634177812500007	PT0M
2015-01-01 04:30:00+01	66	1.6190363643749901	PT0M
2015-01-01 04:45:00+01	66	1.8117309506249899	PT0M
2015-01-01 05:00:00+01	66	2.00442553687499014	PT0M
2015-01-01 05:15:00+01	66	2.10045449249999017	PT0M
2015-01-01 05:30:00+01	66	2.09981781749999996	PT0M
2015-01-01 05:45:00+01	66	2.09918114249999999	PT0M
2015-01-01 06:00:00+01	66	2.09854446750000001	PT0M
2015-01-01 06:15:00+01	66	2.21893236375000003	PT0M
2015-01-01 06:30:00+01	66	2.46034483125000003	PT0M
2015-01-01 06:45:00+01	66	2.70175729875000004	PT0M
2015-01-01 07:00:00+01	66	2.94316976625000004	PT0M
2015-01-01 07:15:00+01	66	3.10986107625000008	PT0M
2015-01-01 07:30:00+01	66	3.20183122874998993	PT0M
2015-01-01 07:45:00+01	66	3.29380138124999	PT0M
2015-01-01 08:00:00+01	66	3.38577153374999007	PT0M
2015-01-01 08:15:00+01	66	3.32991187312499015	PT0M
2015-01-01 08:30:00+01	66	3.12622239937500002	PT0M
2015-01-01 08:45:00+01	66	2.92253292562500011	PT0M
2015-01-01 09:00:00+01	66	2.71884345187498999	PT0M
2015-01-01 09:15:00+01	66	2.51261217562498995	PT0M
2015-01-01 09:30:00+01	66	2.30383909687499999	PT0M
2015-01-01 09:45:00+01	66	2.09506601812499005	PT0M
2015-01-01 10:00:00+01	66	1.88629293937500009	PT0M
2015-01-01 10:15:00+01	66	1.65643367437500011	PT0M
2015-01-01 10:30:00+01	66	1.40548822312499011	PT0M
2015-01-01 10:45:00+01	66	1.1545427718750001	PT0M
2015-01-01 11:00:00+01	66	0.903597320624998979	PT0M
2015-01-01 11:15:00+01	66	0.744554681249999017	PT0M
2015-01-01 11:30:00+01	66	0.677414853749998991	PT0M
2015-01-01 11:45:00+01	66	0.610275026249998964	PT0M
2015-01-01 12:00:00+01	66	0.543135198749999049	PT0M
2015-01-01 12:15:00+01	66	0.471941465625000001	PT0M
2015-01-01 12:30:00+01	66	0.396693826874998989	PT0M
2015-01-01 12:45:00+01	66	0.321446188124999976	PT0M
2015-01-01 13:00:00+01	66	0.246198549374999992	PT0M
2015-01-01 13:15:00+01	66	0.188836580625	PT0M
2015-01-01 13:30:00+01	66	0.149360281875000001	PT0M
2015-01-01 13:45:00+01	66	0.109883983125000001	PT0M
2015-01-01 14:00:00+01	66	0.0704076843750000014	PT0M
2015-01-01 14:15:00+01	66	0.0443358431250000032	PT0M
2015-01-01 14:30:00+01	66	0.0316684593749999022	PT0M
2015-01-01 14:45:00+01	66	0.0190010756249998983	PT0M
2015-01-01 15:00:00+01	66	0.00633369187500000021	PT0M
2015-01-01 15:15:00+01	66	0.00215857312499998996	PT0M
2015-01-01 15:30:00+01	66	0.00647571937499998983	PT0M
2015-01-01 15:45:00+01	66	0.0107928656249998995	PT0M
2015-01-01 16:00:00+01	66	0.0151100118749999002	PT0M
2015-01-01 16:15:00+01	66	0.037902976875000001	PT0M
2015-01-01 16:30:00+01	66	0.0791717606250000039	PT0M
2015-01-01 16:45:00+01	66	0.120440544374999001	PT0M
2015-01-01 17:00:00+01	66	0.161709328124999996	PT0M
2015-01-01 17:15:00+01	66	0.293253729374998995	PT0M
2015-01-01 17:30:00+01	66	0.515073748124999953	PT0M
2015-01-01 17:45:00+01	66	0.736893766874998968	PT0M
2015-01-01 18:00:00+01	66	0.958713785624999981	PT0M
2015-01-01 18:15:00+01	66	1.12897414875000002	PT0M
2015-01-01 18:30:00+01	66	1.24767485624999996	PT0M
2015-01-01 18:45:00+01	66	1.36637556374999991	PT0M
2015-01-01 19:00:00+01	66	1.48507627125000008	PT0M
2015-01-01 19:15:00+01	66	1.57768922062498995	PT0M
2015-01-01 19:30:00+01	66	1.64421441187499995	PT0M
2015-01-01 19:45:00+01	66	1.71073960312499995	PT0M
2015-01-01 20:00:00+01	66	1.77726479437499996	PT0M
2015-01-01 20:15:00+01	66	1.81072818750000009	PT0M
2015-01-01 20:30:00+01	66	1.8111297824999999	PT0M
2015-01-01 20:45:00+01	66	1.81153137749998994	PT0M
2015-01-01 21:00:00+01	66	1.81193297249999996	PT0M
2015-01-01 21:15:00+01	66	1.77908911312499995	PT0M
2015-01-01 21:30:00+01	66	1.71299979937498992	PT0M
2015-01-01 21:45:00+01	66	1.64691048562499009	PT0M
2015-01-01 22:00:00+01	66	1.58082117187500004	PT0M
2015-01-01 22:15:00+01	66	1.47082209749999993	PT0M
2015-01-01 22:30:00+01	66	1.31691326249999996	PT0M
2015-01-01 22:45:00+01	66	1.16300442749999999	PT0M
2015-01-01 23:00:00+01	66	1.00909559250000003	PT0M
2015-01-01 23:15:00+01	66	0.866274697499998969	PT0M
2015-01-01 23:30:00+01	66	0.734541742500000039	PT0M
2015-01-01 23:45:00+01	66	0.602808787499999998	PT0M
2015-01-02 00:00:00+01	66	0.471075832500000014	PT0M
2015-01-02 00:15:00+01	66	0.405094263750000017	PT0M
2015-01-02 00:30:00+01	66	0.404864081249999008	PT0M
2015-01-02 00:45:00+01	66	0.404633898749999998	PT0M
2015-01-02 01:00:00+01	66	0.404403716249999989	PT0M
2015-01-02 01:15:00+01	66	0.404190674999999999	PT0M
2015-01-02 01:30:00+01	66	0.403994774999999973	PT0M
2015-01-02 01:45:00+01	66	0.403798875000000002	PT0M
2015-01-02 02:00:00+01	66	0.403602974999998976	PT0M
2015-01-02 02:15:00+01	66	0.393075798749998984	PT0M
2015-01-02 02:30:00+01	66	0.372217346250000025	PT0M
2015-01-02 02:45:00+01	66	0.351358893750000012	PT0M
2015-01-02 03:00:00+01	66	0.330500441249999999	PT0M
2015-01-02 03:15:00+01	66	0.333803805000000009	PT0M
2015-01-02 03:30:00+01	66	0.361268984999998988	PT0M
2015-01-02 03:45:00+01	66	0.38873416500000002	PT0M
2015-01-02 04:00:00+01	66	0.416199344999999998	PT0M
2015-01-02 04:15:00+01	66	0.503279343749999053	PT0M
2015-01-02 04:30:00+01	66	0.649974161249998961	PT0M
2015-01-02 04:45:00+01	66	0.796668978749998979	PT0M
2015-01-02 05:00:00+01	66	0.943363796249999997	PT0M
2015-01-02 05:15:00+01	66	0.975826874999998983	PT0M
2015-01-02 05:30:00+01	66	0.894058215000000045	PT0M
2015-01-02 05:45:00+01	66	0.812289554999999996	PT0M
2015-01-02 06:00:00+01	66	0.730520894999999948	PT0M
2015-01-02 06:15:00+01	66	0.667419056249998977	PT0M
2015-01-02 06:30:00+01	66	0.622984038749999969	PT0M
2015-01-02 06:45:00+01	66	0.578549021249998963	PT0M
2015-01-02 07:00:00+01	66	0.534114003749999955	PT0M
2015-01-02 07:15:00+01	66	0.518839925625000031	PT0M
2015-01-02 07:30:00+01	66	0.532726786874999969	PT0M
2015-01-02 07:45:00+01	66	0.546613648124999019	PT0M
2015-01-02 08:00:00+01	66	0.560500509374998956	PT0M
2015-01-02 08:15:00+01	66	0.560647434374998976	PT0M
2015-01-02 08:30:00+01	66	0.547054423124998968	PT0M
2015-01-02 08:45:00+01	66	0.533461411874998959	PT0M
2015-01-02 09:00:00+01	66	0.51986840062499895	PT0M
2015-01-02 09:15:00+01	66	0.48898231687499899	PT0M
2015-01-02 09:30:00+01	66	0.440803160625000023	PT0M
2015-01-02 09:45:00+01	66	0.392624004375000002	PT0M
2015-01-02 10:00:00+01	66	0.344444848124998981	PT0M
2015-01-02 10:15:00+01	66	0.289837723125000002	PT0M
2015-01-02 10:30:00+01	66	0.228802629375000011	PT0M
2015-01-02 10:45:00+01	66	0.167767535624999992	PT0M
2015-01-02 11:00:00+01	66	0.106732441875	PT0M
2015-01-02 11:15:00+01	66	0.0678009900000000054	PT0M
2015-01-02 11:30:00+01	66	0.0509731799999999999	PT0M
2015-01-02 11:45:00+01	66	0.0341453699999998972	PT0M
2015-01-02 12:00:00+01	66	0.0173175599999999992	PT0M
2015-01-02 12:15:00+01	66	0.00779069812500000035	PT0M
2015-01-02 12:30:00+01	66	0.00556478437499998996	PT0M
2015-01-02 12:45:00+01	66	0.00333887062499999996	PT0M
2015-01-02 13:00:00+01	66	0.00111295687499999999	PT0M
2015-01-02 13:15:00+01	66	0	PT0M
2015-01-02 13:30:00+01	66	0	PT0M
2015-01-02 13:45:00+01	66	0	PT0M
2015-01-02 14:00:00+01	66	0	PT0M
2015-01-02 14:15:00+01	66	0	PT0M
2015-01-02 14:30:00+01	66	0	PT0M
2015-01-02 14:45:00+01	66	0	PT0M
2015-01-02 15:00:00+01	66	0	PT0M
2015-01-02 15:15:00+01	66	0	PT0M
2015-01-02 15:30:00+01	66	0	PT0M
2015-01-02 15:45:00+01	66	0	PT0M
2015-01-02 16:00:00+01	66	0	PT0M
2015-01-02 16:15:00+01	66	0	PT0M
2015-01-02 16:30:00+01	66	0	PT0M
2015-01-02 16:45:00+01	66	0	PT0M
2015-01-02 17:00:00+01	66	0	PT0M
2015-01-02 17:15:00+01	66	0	PT0M
2015-01-02 17:30:00+01	66	0	PT0M
2015-01-02 17:45:00+01	66	0	PT0M
2015-01-02 18:00:00+01	66	0	PT0M
2015-01-02 18:15:00+01	66	0	PT0M
2015-01-02 18:30:00+01	66	0	PT0M
2015-01-02 18:45:00+01	66	0	PT0M
2015-01-02 19:00:00+01	66	0	PT0M
2015-01-02 19:15:00+01	66	0	PT0M
2015-01-02 19:30:00+01	66	0	PT0M
2015-01-02 19:45:00+01	66	0	PT0M
2015-01-02 20:00:00+01	66	0	PT0M
2015-01-02 20:15:00+01	66	0	PT0M
2015-01-02 20:30:00+01	66	0	PT0M
2015-01-02 20:45:00+01	66	0	PT0M
2015-01-02 21:00:00+01	66	0	PT0M
2015-01-02 21:15:00+01	66	0	PT0M
2015-01-02 21:30:00+01	66	0	PT0M
2015-01-02 21:45:00+01	66	0	PT0M
2015-01-02 22:00:00+01	66	0	PT0M
2015-01-02 22:15:00+01	66	0	PT0M
2015-01-02 22:30:00+01	66	0	PT0M
2015-01-02 22:45:00+01	66	0	PT0M
2015-01-02 23:00:00+01	66	0	PT0M
2015-01-02 23:15:00+01	66	0	PT0M
2015-01-02 23:30:00+01	66	0	PT0M
2015-01-02 23:45:00+01	66	0	PT0M
2015-01-03 00:00:00+01	66	0	PT0M
2015-01-03 00:15:00+01	66	0	PT0M
2015-01-03 00:30:00+01	66	0	PT0M
2015-01-03 00:45:00+01	66	0	PT0M
2015-01-03 01:00:00+01	66	0	PT0M
2015-01-03 01:15:00+01	66	0	PT0M
2015-01-03 01:30:00+01	66	0	PT0M
2015-01-03 01:45:00+01	66	0	PT0M
2015-01-03 02:00:00+01	66	0	PT0M
2015-01-03 02:15:00+01	66	0.00110561062500000003	PT0M
2015-01-03 02:30:00+01	66	0.00331683187500000009	PT0M
2015-01-03 02:45:00+01	66	0.00552805312499999018	PT0M
2015-01-03 03:00:00+01	66	0.00773927437499999978	PT0M
2015-01-03 03:15:00+01	66	0.0161446087500000009	PT0M
2015-01-03 03:30:00+01	66	0.0307440562499999015	PT0M
2015-01-03 03:45:00+01	66	0.0453435037499999999	PT0M
2015-01-03 04:00:00+01	66	0.0599429512500000011	PT0M
2015-01-03 04:15:00+01	66	0.0703440168749999012	PT0M
2015-01-03 04:30:00+01	66	0.0765467006249998944	PT0M
2015-01-03 04:45:00+01	66	0.0827493843749999985	PT0M
2015-01-03 05:00:00+01	66	0.0889520681250000056	PT0M
2015-01-03 05:15:00+01	66	0.0847634812499998974	PT0M
2015-01-03 05:30:00+01	66	0.0701836237499999932	PT0M
2015-01-03 05:45:00+01	66	0.0556037662499999016	PT0M
2015-01-03 06:00:00+01	66	0.0410239087499999003	PT0M
2015-01-03 06:15:00+01	66	0.032693261249999897	PT0M
2015-01-03 06:30:00+01	66	0.0306118237499998988	PT0M
2015-01-03 06:45:00+01	66	0.0285303862499999006	PT0M
2015-01-03 07:00:00+01	66	0.0264489487499999995	PT0M
2015-01-03 07:15:00+01	66	0.0447851887500000032	PT0M
2015-01-03 07:30:00+01	66	0.0835391062499998976	PT0M
2015-01-03 07:45:00+01	66	0.122293023749998994	PT0M
2015-01-03 08:00:00+01	66	0.161046941249999992	PT0M
2015-01-03 08:15:00+01	66	0.31346938499999899	PT0M
2015-01-03 08:30:00+01	66	0.579560354999999028	PT0M
2015-01-03 08:45:00+01	66	0.845651324999998955	PT0M
2015-01-03 09:00:00+01	66	1.11174229499999999	PT0M
2015-01-03 09:15:00+01	66	1.32983409187500001	PT0M
2015-01-03 09:30:00+01	66	1.49992671562500002	PT0M
2015-01-03 09:45:00+01	66	1.67001933937500002	PT0M
2015-01-03 10:00:00+01	66	1.84011196312500003	PT0M
2015-01-03 10:15:00+01	66	1.78236186749999992	PT0M
2015-01-03 10:30:00+01	66	1.49676905249998993	PT0M
2015-01-03 10:45:00+01	66	1.21117623749999992	PT0M
2015-01-03 11:00:00+01	66	0.92558342250000003	PT0M
2015-01-03 11:15:00+01	66	0.717979621874999974	PT0M
2015-01-03 11:30:00+01	66	0.588364835624998972	PT0M
2015-01-03 11:45:00+01	66	0.458750049375000024	PT0M
2015-01-03 12:00:00+01	66	0.329135263125000022	PT0M
2015-01-03 12:15:00+01	66	0.264391537499999996	PT0M
2015-01-03 12:30:00+01	66	0.264518872500000002	PT0M
2015-01-03 12:45:00+01	66	0.264646207500000008	PT0M
2015-01-03 13:00:00+01	66	0.264773542499999015	PT0M
2015-01-03 13:15:00+01	66	0.264902101874999019	PT0M
2015-01-03 13:30:00+01	66	0.265031885625000019	PT0M
2015-01-03 13:45:00+01	66	0.265161669374999021	PT0M
2015-01-03 14:00:00+01	66	0.265291453125000021	PT0M
2015-01-03 14:15:00+01	66	0.261952582499998976	PT0M
2015-01-03 14:30:00+01	66	0.255145057499998995	PT0M
2015-01-03 14:45:00+01	66	0.248337532499998986	PT0M
2015-01-03 15:00:00+01	66	0.241530007499999005	PT0M
2015-01-03 15:15:00+01	66	0.252068203125000001	PT0M
2015-01-03 15:30:00+01	66	0.279952119374998976	PT0M
2015-01-03 15:45:00+01	66	0.307836035625000004	PT0M
2015-01-03 16:00:00+01	66	0.335719951874999978	PT0M
2015-01-03 16:15:00+01	66	0.360205003124999978	PT0M
2015-01-03 16:30:00+01	66	0.381291189375000006	PT0M
2015-01-03 16:45:00+01	66	0.402377375624998979	PT0M
2015-01-03 17:00:00+01	66	0.423463561875000005	PT0M
2015-01-03 17:15:00+01	66	0.461247774374999975	PT0M
2015-01-03 17:30:00+01	66	0.515730013124999997	PT0M
2015-01-03 17:45:00+01	66	0.570212251874999021	PT0M
2015-01-03 18:00:00+01	66	0.624694490625000043	PT0M
2015-01-03 18:15:00+01	66	0.740955018750000027	PT0M
2015-01-03 18:30:00+01	66	0.918993836249998974	PT0M
2015-01-03 18:45:00+01	66	1.09703265374998993	PT0M
2015-01-03 19:00:00+01	66	1.27507147124999998	PT0M
2015-01-03 19:15:00+01	66	1.52951128874999998	PT0M
2015-01-03 19:30:00+01	66	1.86035210624998992	PT0M
2015-01-03 19:45:00+01	66	2.19119292375000008	PT0M
2015-01-03 20:00:00+01	66	2.52203374125000002	PT0M
2015-01-03 20:15:00+01	66	2.65528736999999015	PT0M
2015-01-03 20:30:00+01	66	2.5909538099999998	PT0M
2015-01-03 20:45:00+01	66	2.52662025000000012	PT0M
2015-01-03 21:00:00+01	66	2.46228669	PT0M
2015-01-03 21:15:00+01	66	2.22601782187500019	PT0M
2015-01-03 21:30:00+01	66	1.81781364562500003	PT0M
2015-01-03 21:45:00+01	66	1.4096094693749901	PT0M
2015-01-03 22:00:00+01	66	1.00140529312498994	PT0M
2015-01-03 22:15:00+01	66	0.727770948749999036	PT0M
2015-01-03 22:30:00+01	66	0.588706436249999965	PT0M
2015-01-03 22:45:00+01	66	0.449641923750000005	PT0M
2015-01-03 23:00:00+01	66	0.310577411249998991	PT0M
2015-01-03 23:15:00+01	66	0.234019691249998996	PT0M
2015-01-03 23:30:00+01	66	0.21996876374999999	PT0M
2015-01-03 23:45:00+01	66	0.205917836249998987	PT0M
2015-01-04 00:00:00+01	66	0.191866908750000009	PT0M
2015-01-04 00:15:00+01	66	0.176694453749999009	PT0M
2015-01-04 00:30:00+01	66	0.16040047125000001	PT0M
2015-01-04 00:45:00+01	66	0.144106488749999012	PT0M
2015-01-04 01:00:00+01	66	0.127812506250000013	PT0M
2015-01-04 01:15:00+01	66	0.116453979375000002	PT0M
2015-01-04 01:30:00+01	66	0.110030908124999993	PT0M
2015-01-04 01:45:00+01	66	0.103607836874999998	PT0M
2015-01-04 02:00:00+01	66	0.0971847656250000025	PT0M
2015-01-04 02:15:00+01	66	0.0939475181250000041	PT0M
2015-01-04 02:30:00+01	66	0.0938960943750000027	PT0M
2015-01-04 02:45:00+01	66	0.0938446706250000012	PT0M
2015-01-04 03:00:00+01	66	0.0937932468749999998	PT0M
2015-01-04 03:15:00+01	66	0.099040918125000002	PT0M
2015-01-04 03:30:00+01	66	0.109587684374998995	PT0M
2015-01-04 03:45:00+01	66	0.120134450625	PT0M
2015-01-04 04:00:00+01	66	0.130681216875000006	PT0M
2015-01-04 04:15:00+01	66	0.135935009999999995	PT0M
2015-01-04 04:30:00+01	66	0.135895829999999995	PT0M
2015-01-04 04:45:00+01	66	0.135856649999999995	PT0M
2015-01-04 05:00:00+01	66	0.135817469999999996	PT0M
2015-01-04 05:15:00+01	66	0.123109681875000002	PT0M
2015-01-04 05:30:00+01	66	0.0977332856249999021	PT0M
2015-01-04 05:45:00+01	66	0.072356889374999997	PT0M
2015-01-04 06:00:00+01	66	0.0469804931250000016	PT0M
2015-01-04 06:15:00+01	66	0.0300057581250000004	PT0M
2015-01-04 06:30:00+01	66	0.0214326843750000003	PT0M
2015-01-04 06:45:00+01	66	0.0128596106250000002	PT0M
2015-01-04 07:00:00+01	66	0.00428653687500000005	PT0M
2015-01-04 07:15:00+01	66	0.00111662999999999997	PT0M
2015-01-04 07:30:00+01	66	0.00334988999999998992	PT0M
2015-01-04 07:45:00+01	66	0.00558315000000000027	PT0M
2015-01-04 08:00:00+01	66	0.00781640999999999066	PT0M
2015-01-04 08:15:00+01	66	0.0152838731249999998	PT0M
2015-01-04 08:30:00+01	66	0.0279855393750000001	PT0M
2015-01-04 08:45:00+01	66	0.0406872056250000003	PT0M
2015-01-04 09:00:00+01	66	0.0533888718749999033	PT0M
2015-01-04 09:15:00+01	66	0.0640017543749999002	PT0M
2015-01-04 09:30:00+01	66	0.0725258531249999977	PT0M
2015-01-04 09:45:00+01	66	0.0810499518749999009	PT0M
2015-01-04 10:00:00+01	66	0.0895740506249999985	PT0M
2015-01-04 10:15:00+01	66	0.0981189637499999961	PT0M
2015-01-04 10:30:00+01	66	0.106684691250000005	PT0M
2015-01-04 10:45:00+01	66	0.11525041875	PT0M
2015-01-04 11:00:00+01	66	0.123816146249999995	PT0M
2015-01-04 11:15:00+01	66	0.125999206874999992	PT0M
2015-01-04 11:30:00+01	66	0.121799600625000004	PT0M
2015-01-04 11:45:00+01	66	0.117599994375000003	PT0M
2015-01-04 12:00:00+01	66	0.113400388125000001	PT0M
2015-01-04 12:15:00+01	66	0.109192211250000004	PT0M
2015-01-04 12:30:00+01	66	0.104975463749999998	PT0M
2015-01-04 12:45:00+01	66	0.100758716249999006	PT0M
2015-01-04 13:00:00+01	66	0.0965419687499999013	PT0M
2015-01-04 13:15:00+01	66	0.0976634962499998982	PT0M
2015-01-04 13:30:00+01	66	0.104123298749999996	PT0M
2015-01-04 13:45:00+01	66	0.110583101249999996	PT0M
2015-01-04 14:00:00+01	66	0.117042903749999996	PT0M
2015-01-04 14:15:00+01	66	0.118165655625000005	PT0M
2015-01-04 14:30:00+01	66	0.113951356874998994	PT0M
2015-01-04 14:45:00+01	66	0.109737058124999995	PT0M
2015-01-04 15:00:00+01	66	0.105522759374999997	PT0M
2015-01-04 15:15:00+01	66	0.110251295624999995	PT0M
2015-01-04 15:30:00+01	66	0.123922666875000004	PT0M
2015-01-04 15:45:00+01	66	0.137594038125000012	PT0M
2014-12-31 16:00:00+01	67	0.989739999999998954	PT0M
2014-12-31 16:15:00+01	67	0.969057499999999017	PT0M
2014-12-31 16:30:00+01	67	0.927692500000000031	PT0M
2014-12-31 16:45:00+01	67	0.886327499999999047	PT0M
2014-12-31 17:00:00+01	67	0.84496249999999995	PT0M
2014-12-31 17:15:00+01	67	0.780277499999998958	PT0M
2014-12-31 17:30:00+01	67	0.692272499999999957	PT0M
2014-12-31 17:45:00+01	67	0.604267499999998958	PT0M
2014-12-31 18:00:00+01	67	0.516262499999999958	PT0M
2014-12-31 18:15:00+01	67	0.472302500000000014	PT0M
2014-12-31 18:30:00+01	67	0.472387500000000016	PT0M
2014-12-31 18:45:00+01	67	0.472472500000000017	PT0M
2014-12-31 19:00:00+01	67	0.472557500000000019	PT0M
2014-12-31 19:15:00+01	67	0.47892499999999999	PT0M
2014-12-31 19:30:00+01	67	0.491574999999998985	PT0M
2014-12-31 19:45:00+01	67	0.504225000000000034	PT0M
2014-12-31 20:00:00+01	67	0.516874999999998974	PT0M
2014-12-31 20:15:00+01	67	0.535830000000000028	PT0M
2014-12-31 20:30:00+01	67	0.561089999999998978	PT0M
2014-12-31 20:45:00+01	67	0.586350000000000038	PT0M
2014-12-31 21:00:00+01	67	0.611609999999998988	PT0M
2014-12-31 21:15:00+01	67	0.617967500000000003	PT0M
2014-12-31 21:30:00+01	67	0.605422499999998975	PT0M
2014-12-31 21:45:00+01	67	0.592877499999999946	PT0M
2014-12-31 22:00:00+01	67	0.580332500000000029	PT0M
2014-12-31 22:15:00+01	67	0.599277500000000019	PT0M
2014-12-31 22:30:00+01	67	0.649712500000000026	PT0M
2014-12-31 22:45:00+01	67	0.700147500000000034	PT0M
2014-12-31 23:00:00+01	67	0.750582500000000041	PT0M
2014-12-31 23:15:00+01	67	0.807170000000000054	PT0M
2014-12-31 23:30:00+01	67	0.869909999999998962	PT0M
2014-12-31 23:45:00+01	67	0.93264999999999898	PT0M
2015-01-01 00:00:00+01	67	0.995389999999998998	PT0M
2015-01-01 00:15:00+01	67	1.14907249999998995	PT0M
2015-01-01 00:30:00+01	67	1.39369750000000003	PT0M
2015-01-01 00:45:00+01	67	1.63832249999998991	PT0M
2015-01-01 01:00:00+01	67	1.88294749999999	PT0M
2015-01-01 01:15:00+01	67	2.12992249999998995	PT0M
2015-01-01 01:30:00+01	67	2.37924749999999996	PT0M
2015-01-01 01:45:00+01	67	2.62857249999998999	PT0M
2015-01-01 02:00:00+01	67	2.8778975	PT0M
2015-01-01 02:15:00+01	67	2.91885749999998989	PT0M
2015-01-01 02:30:00+01	67	2.75145250000000008	PT0M
2015-01-01 02:45:00+01	67	2.58404749999998984	PT0M
2015-01-01 03:00:00+01	67	2.41664250000000003	PT0M
2015-01-01 03:15:00+01	67	2.34289999999998999	PT0M
2015-01-01 03:30:00+01	67	2.36281999999998993	PT0M
2015-01-01 03:45:00+01	67	2.38274000000000008	PT0M
2015-01-01 04:00:00+01	67	2.40266000000000002	PT0M
2015-01-01 04:15:00+01	67	2.5286575	PT0M
2015-01-01 04:30:00+01	67	2.76073250000000003	PT0M
2015-01-01 04:45:00+01	67	2.99280750000000006	PT0M
2015-01-01 05:00:00+01	67	3.2248825000000001	PT0M
2015-01-01 05:15:00+01	67	3.34055999999999997	PT0M
2015-01-01 05:30:00+01	67	3.33984000000000014	PT0M
2015-01-01 05:45:00+01	67	3.3391199999999901	PT0M
2015-01-01 06:00:00+01	67	3.33840000000000003	PT0M
2015-01-01 06:15:00+01	67	3.42714249999999998	PT0M
2015-01-01 06:30:00+01	67	3.60534749999998994	PT0M
2015-01-01 06:45:00+01	67	3.7835524999999901	PT0M
2015-01-01 07:00:00+01	67	3.96175750000000004	PT0M
2015-01-01 07:15:00+01	67	4.12596249999999998	PT0M
2015-01-01 07:30:00+01	67	4.27616749999998991	PT0M
2015-01-01 07:45:00+01	67	4.42637249999998961	PT0M
2015-01-01 08:00:00+01	67	4.57657749999999997	PT0M
2015-01-01 08:15:00+01	67	4.57839500000000044	PT0M
2015-01-01 08:30:00+01	67	4.43182499999999013	PT0M
2015-01-01 08:45:00+01	67	4.2852549999999896	PT0M
2015-01-01 09:00:00+01	67	4.13868499999999973	PT0M
2015-01-01 09:15:00+01	67	3.99172500000000019	PT0M
2015-01-01 09:30:00+01	67	3.84437499999999988	PT0M
2015-01-01 09:45:00+01	67	3.69702500000000001	PT0M
2015-01-01 10:00:00+01	67	3.54967500000000014	PT0M
2015-01-01 10:15:00+01	67	3.38711999999999014	PT0M
2015-01-01 10:30:00+01	67	3.20935999999999	PT0M
2015-01-01 10:45:00+01	67	3.03160000000000007	PT0M
2015-01-01 11:00:00+01	67	2.85383999999999016	PT0M
2015-01-01 11:15:00+01	67	2.79561999999998978	PT0M
2015-01-01 11:30:00+01	67	2.85693999999999004	PT0M
2015-01-01 11:45:00+01	67	2.91826000000000008	PT0M
2015-01-01 12:00:00+01	67	2.9795799999999999	PT0M
2015-01-01 12:15:00+01	67	2.91708500000000015	PT0M
2015-01-01 12:30:00+01	67	2.73077499999999995	PT0M
2015-01-01 12:45:00+01	67	2.5444650000000002	PT0M
2015-01-01 13:00:00+01	67	2.358155	PT0M
2015-01-01 13:15:00+01	67	2.11681000000000008	PT0M
2015-01-01 13:30:00+01	67	1.82042999999999999	PT0M
2015-01-01 13:45:00+01	67	1.52404999999998991	PT0M
2015-01-01 14:00:00+01	67	1.22767000000000004	PT0M
2015-01-01 14:15:00+01	67	1.01658249999998995	PT0M
2015-01-01 14:30:00+01	67	0.890787499999999954	PT0M
2015-01-01 14:45:00+01	67	0.764992499999998965	PT0M
2015-01-01 15:00:00+01	67	0.639197499999999974	PT0M
2015-01-01 15:15:00+01	67	0.539362499999998968	PT0M
2015-01-01 15:30:00+01	67	0.465487499999999998	PT0M
2015-01-01 15:45:00+01	67	0.391612499999999975	PT0M
2015-01-01 16:00:00+01	67	0.317737500000000006	PT0M
2015-01-01 16:15:00+01	67	0.330805000000000016	PT0M
2015-01-01 16:30:00+01	67	0.430815000000000003	PT0M
2015-01-01 16:45:00+01	67	0.530824999999998992	PT0M
2015-01-01 17:00:00+01	67	0.630835000000000035	PT0M
2015-01-01 17:15:00+01	67	0.947384999999999033	PT0M
2015-01-01 17:30:00+01	67	1.48047499999999999	PT0M
2015-01-01 17:45:00+01	67	2.01356499999999006	PT0M
2015-01-01 18:00:00+01	67	2.54665499999999989	PT0M
2015-01-01 18:15:00+01	67	3.05821249999999978	PT0M
2015-01-01 18:30:00+01	67	3.54823749999999016	PT0M
2015-01-01 18:45:00+01	67	4.03826250000000009	PT0M
2015-01-01 19:00:00+01	67	4.52828749999998958	PT0M
2015-01-01 19:15:00+01	67	4.65211749999999036	PT0M
2015-01-01 19:30:00+01	67	4.40975249999998997	PT0M
2015-01-01 19:45:00+01	67	4.16738750000000024	PT0M
2015-01-01 20:00:00+01	67	3.92502249999999986	PT0M
2015-01-01 20:15:00+01	67	3.63862500000000022	PT0M
2015-01-01 20:30:00+01	67	3.308195	PT0M
2015-01-01 20:45:00+01	67	2.97776499999999	PT0M
2015-01-01 21:00:00+01	67	2.64733499999999999	PT0M
2015-01-01 21:15:00+01	67	2.46068750000000014	PT0M
2015-01-01 21:30:00+01	67	2.41782250000000021	PT0M
2015-01-01 21:45:00+01	67	2.37495749999999006	PT0M
2015-01-01 22:00:00+01	67	2.33209249999999013	PT0M
2015-01-01 22:15:00+01	67	2.22370999999998986	PT0M
2015-01-01 22:30:00+01	67	2.04980999999999014	PT0M
2015-01-01 22:45:00+01	67	1.87590999999999997	PT0M
2015-01-01 23:00:00+01	67	1.70201000000000002	PT0M
2015-01-01 23:15:00+01	67	1.56320749999999009	PT0M
2015-01-01 23:30:00+01	67	1.45950249999998993	PT0M
2015-01-01 23:45:00+01	67	1.35579749999999999	PT0M
2015-01-02 00:00:00+01	67	1.25209249999999006	PT0M
2015-01-02 00:15:00+01	67	1.28388250000000004	PT0M
2015-01-02 00:30:00+01	67	1.45116749999998995	PT0M
2015-01-02 00:45:00+01	67	1.61845250000000007	PT0M
2015-01-02 01:00:00+01	67	1.78573749999999998	PT0M
2015-01-02 01:15:00+01	67	1.97687250000000003	PT0M
2015-01-02 01:30:00+01	67	2.19185749999999979	PT0M
2015-01-02 01:45:00+01	67	2.40684249999999	PT0M
2015-01-02 02:00:00+01	67	2.6218275000000002	PT0M
2015-01-02 02:15:00+01	67	2.78474999999999007	PT0M
2015-01-02 02:30:00+01	67	2.89561000000000002	PT0M
2015-01-02 02:45:00+01	67	3.00646999999998998	PT0M
2015-01-02 03:00:00+01	67	3.11732999999999016	PT0M
2015-01-02 03:15:00+01	67	3.3841349999999899	PT0M
2015-01-02 03:30:00+01	67	3.80688499999999008	PT0M
2015-01-02 03:45:00+01	67	4.22963500000000003	PT0M
2015-01-02 04:00:00+01	67	4.65238499999999977	PT0M
2015-01-02 04:15:00+01	67	5.5740375000000002	PT0M
2015-01-02 04:30:00+01	67	6.99459249999998978	PT0M
2015-01-02 04:45:00+01	67	8.41514749999998912	PT0M
2015-01-02 05:00:00+01	67	9.83570250000000001	PT0M
2015-01-02 05:15:00+01	67	10.4859550000000006	PT0M
2015-01-02 05:30:00+01	67	10.3659049999999997	PT0M
2015-01-02 05:45:00+01	67	10.2458549999998993	PT0M
2015-01-02 06:00:00+01	67	10.1258049999999997	PT0M
2015-01-02 06:15:00+01	67	10.0657800000000002	PT0M
2015-01-02 06:30:00+01	67	10.0657800000000002	PT0M
2015-01-02 06:45:00+01	67	10.0657800000000002	PT0M
2015-01-02 07:00:00+01	67	10.0657800000000002	PT0M
2015-01-02 07:15:00+01	67	10.1262675000000009	PT0M
2015-01-02 07:30:00+01	67	10.2472424999998992	PT0M
2015-01-02 07:45:00+01	67	10.3682175000000001	PT0M
2015-01-02 08:00:00+01	67	10.4891924999999997	PT0M
2015-01-02 08:15:00+01	67	10.2870299999999997	PT0M
2015-01-02 08:30:00+01	67	9.76173000000000002	PT0M
2015-01-02 08:45:00+01	67	9.2364299999999897	PT0M
2015-01-02 09:00:00+01	67	8.71113000000000071	PT0M
2015-01-02 09:15:00+01	67	8.03616249999999077	PT0M
2015-01-02 09:30:00+01	67	7.21152749999999987	PT0M
2015-01-02 09:45:00+01	67	6.38689250000000008	PT0M
2015-01-02 10:00:00+01	67	5.56225749999998964	PT0M
2015-01-02 10:15:00+01	67	4.72818000000000005	PT0M
2015-01-02 10:30:00+01	67	3.88465999999999978	PT0M
2015-01-02 10:45:00+01	67	3.04113999999999018	PT0M
2015-01-02 11:00:00+01	67	2.19762000000000013	PT0M
2015-01-02 11:15:00+01	67	1.63933250000000008	PT0M
2015-01-02 11:30:00+01	67	1.36627750000000003	PT0M
2015-01-02 11:45:00+01	67	1.09322249999999999	PT0M
2015-01-02 12:00:00+01	67	0.820167500000000049	PT0M
2015-01-02 12:15:00+01	67	0.623844999999998984	PT0M
2015-01-02 12:30:00+01	67	0.504255000000000009	PT0M
2015-01-02 12:45:00+01	67	0.384664999999999979	PT0M
2015-01-02 13:00:00+01	67	0.265075000000000005	PT0M
2015-01-02 13:15:00+01	67	0.179994999999998989	PT0M
2015-01-02 13:30:00+01	67	0.129424999999999013	PT0M
2015-01-02 13:45:00+01	67	0.0788549999999999945	PT0M
2015-01-02 14:00:00+01	67	0.0282850000000000011	PT0M
2015-01-02 14:15:00+01	67	0.00262500000000000016	PT0M
2015-01-02 14:30:00+01	67	0.00187499999999999993	PT0M
2015-01-02 14:45:00+01	67	0.00112499999999998994	PT0M
2015-01-02 15:00:00+01	67	0.000375000000000000008	PT0M
2015-01-02 15:15:00+01	67	0	PT0M
2015-01-02 15:30:00+01	67	0	PT0M
2015-01-02 15:45:00+01	67	0	PT0M
2015-01-02 16:00:00+01	67	0	PT0M
2015-01-02 16:15:00+01	67	0	PT0M
2015-01-02 16:30:00+01	67	0	PT0M
2015-01-02 16:45:00+01	67	0	PT0M
2015-01-02 17:00:00+01	67	0	PT0M
2015-01-02 17:15:00+01	67	0	PT0M
2015-01-02 17:30:00+01	67	0	PT0M
2015-01-02 17:45:00+01	67	0	PT0M
2015-01-02 18:00:00+01	67	0	PT0M
2015-01-02 18:15:00+01	67	0	PT0M
2015-01-02 18:30:00+01	67	0	PT0M
2015-01-02 18:45:00+01	67	0	PT0M
2015-01-02 19:00:00+01	67	0	PT0M
2015-01-02 19:15:00+01	67	0	PT0M
2015-01-02 19:30:00+01	67	0	PT0M
2015-01-02 19:45:00+01	67	0	PT0M
2015-01-02 20:00:00+01	67	0	PT0M
2015-01-02 20:15:00+01	67	0	PT0M
2015-01-02 20:30:00+01	67	0	PT0M
2015-01-02 20:45:00+01	67	0	PT0M
2015-01-02 21:00:00+01	67	0	PT0M
2015-01-02 21:15:00+01	67	0	PT0M
2015-01-02 21:30:00+01	67	0	PT0M
2015-01-02 21:45:00+01	67	0	PT0M
2015-01-02 22:00:00+01	67	0	PT0M
2015-01-02 22:15:00+01	67	0	PT0M
2015-01-02 22:30:00+01	67	0	PT0M
2015-01-02 22:45:00+01	67	0	PT0M
2015-01-02 23:00:00+01	67	0	PT0M
2015-01-02 23:15:00+01	67	0	PT0M
2015-01-02 23:30:00+01	67	0	PT0M
2015-01-02 23:45:00+01	67	0	PT0M
2015-01-03 00:00:00+01	67	0	PT0M
2015-01-03 00:15:00+01	67	0	PT0M
2015-01-03 00:30:00+01	67	0	PT0M
2015-01-03 00:45:00+01	67	0	PT0M
2015-01-03 01:00:00+01	67	0	PT0M
2015-01-03 01:15:00+01	67	0	PT0M
2015-01-03 01:30:00+01	67	0	PT0M
2015-01-03 01:45:00+01	67	0	PT0M
2015-01-03 02:00:00+01	67	0	PT0M
2015-01-03 02:15:00+01	67	0.0234924999999998989	PT0M
2015-01-03 02:30:00+01	67	0.0704774999999999013	PT0M
2015-01-03 02:45:00+01	67	0.117462499999999997	PT0M
2015-01-03 03:00:00+01	67	0.164447499999999996	PT0M
2015-01-03 03:15:00+01	67	0.211117500000000013	PT0M
2015-01-03 03:30:00+01	67	0.257472499999998994	PT0M
2015-01-03 03:45:00+01	67	0.303827499999999973	PT0M
2015-01-03 04:00:00+01	67	0.350182500000000008	PT0M
2015-01-03 04:15:00+01	67	0.392179999999999973	PT0M
2015-01-03 04:30:00+01	67	0.42981999999999998	PT0M
2015-01-03 04:45:00+01	67	0.467459999999999987	PT0M
2015-01-03 05:00:00+01	67	0.505099999999999993	PT0M
2015-01-03 05:15:00+01	67	0.49328749999999999	PT0M
2015-01-03 05:30:00+01	67	0.432022499999999976	PT0M
2015-01-03 05:45:00+01	67	0.370757500000000018	PT0M
2015-01-03 06:00:00+01	67	0.309492500000000004	PT0M
2015-01-03 06:15:00+01	67	0.290509999999998991	PT0M
2015-01-03 06:30:00+01	67	0.313809999999998979	PT0M
2015-01-03 06:45:00+01	67	0.337110000000000021	PT0M
2015-01-03 07:00:00+01	67	0.360410000000000008	PT0M
2015-01-03 07:15:00+01	67	0.480842500000000006	PT0M
2015-01-03 07:30:00+01	67	0.698407499999999959	PT0M
2015-01-03 07:45:00+01	67	0.915972499999999967	PT0M
2015-01-03 08:00:00+01	67	1.13353750000000009	PT0M
2015-01-03 08:15:00+01	67	1.52573749999999997	PT0M
2015-01-03 08:30:00+01	67	2.09257250000000017	PT0M
2015-01-03 08:45:00+01	67	2.65940749999999015	PT0M
2015-01-03 09:00:00+01	67	3.22624249999998991	PT0M
2015-01-03 09:15:00+01	67	3.66162999999998995	PT0M
2015-01-03 09:30:00+01	67	3.96556999999998983	PT0M
2015-01-03 09:45:00+01	67	4.26951000000000036	PT0M
2015-01-03 10:00:00+01	67	4.57344999999998958	PT0M
2015-01-03 10:15:00+01	67	4.48404500000000006	PT0M
2015-01-03 10:30:00+01	67	4.00129499999999005	PT0M
2015-01-03 10:45:00+01	67	3.51854500000000003	PT0M
2015-01-03 11:00:00+01	67	3.0357949999999998	PT0M
2015-01-03 11:15:00+01	67	2.60145500000000007	PT0M
2015-01-03 11:30:00+01	67	2.21552499999999997	PT0M
2015-01-03 11:45:00+01	67	1.82959499999999009	PT0M
2015-01-03 12:00:00+01	67	1.44366499999999998	PT0M
2015-01-03 12:15:00+01	67	1.22384499999999008	PT0M
2015-01-03 12:30:00+01	67	1.17013499999998993	PT0M
2015-01-03 12:45:00+01	67	1.116425	PT0M
2015-01-03 13:00:00+01	67	1.06271499999999008	PT0M
2015-01-03 13:15:00+01	67	1.01700499999998994	PT0M
2015-01-03 13:30:00+01	67	0.979295000000000027	PT0M
2015-01-03 13:45:00+01	67	0.941585000000000005	PT0M
2015-01-03 14:00:00+01	67	0.903874999999998985	PT0M
2015-01-03 14:15:00+01	67	0.866097499999998965	PT0M
2015-01-03 14:30:00+01	67	0.828252499999999947	PT0M
2015-01-03 14:45:00+01	67	0.790407499999999041	PT0M
2015-01-03 15:00:00+01	67	0.752562500000000023	PT0M
2015-01-03 15:15:00+01	67	0.778422500000000017	PT0M
2015-01-03 15:30:00+01	67	0.867987500000000023	PT0M
2015-01-03 15:45:00+01	67	0.957552500000000029	PT0M
2015-01-03 16:00:00+01	67	1.04711749999999992	PT0M
2015-01-03 16:15:00+01	67	1.15629000000000004	PT0M
2015-01-03 16:30:00+01	67	1.28506999999999993	PT0M
2015-01-03 16:45:00+01	67	1.41385000000000005	PT0M
2015-01-03 17:00:00+01	67	1.54262999999998995	PT0M
2015-01-03 17:15:00+01	67	1.66168749999999998	PT0M
2015-01-03 17:30:00+01	67	1.77102249999998995	PT0M
2015-01-03 17:45:00+01	67	1.8803574999999999	PT0M
2015-01-03 18:00:00+01	67	1.98969250000000009	PT0M
2015-01-03 18:15:00+01	67	2.17320000000000002	PT0M
2015-01-03 18:30:00+01	67	2.43088000000000015	PT0M
2015-01-03 18:45:00+01	67	2.68855999999999007	PT0M
2015-01-03 19:00:00+01	67	2.94623999999999997	PT0M
2015-01-03 19:15:00+01	67	3.32107999999999004	PT0M
2015-01-03 19:30:00+01	67	3.81307999999999003	PT0M
2015-01-03 19:45:00+01	67	4.30508000000000024	PT0M
2015-01-03 20:00:00+01	67	4.79707999999998957	PT0M
2015-01-03 20:15:00+01	67	5.04364249999999004	PT0M
2015-01-03 20:30:00+01	67	5.04476749999999008	PT0M
2015-01-03 20:45:00+01	67	5.04589249999999012	PT0M
2015-01-03 21:00:00+01	67	5.04701749999999016	PT0M
2015-01-03 21:15:00+01	67	4.73867999999999956	PT0M
2015-01-03 21:30:00+01	67	4.12087999999998988	PT0M
2015-01-03 21:45:00+01	67	3.50307999999998998	PT0M
2015-01-03 22:00:00+01	67	2.88527999999999007	PT0M
2015-01-03 22:15:00+01	67	2.40471499999999017	PT0M
2015-01-03 22:30:00+01	67	2.06138500000000002	PT0M
2015-01-03 22:45:00+01	67	1.71805500000000011	PT0M
2015-01-03 23:00:00+01	67	1.37472499999999997	PT0M
2015-01-03 23:15:00+01	67	1.1772125	PT0M
2015-01-03 23:30:00+01	67	1.12551749999998996	PT0M
2015-01-03 23:45:00+01	67	1.0738224999999999	PT0M
2015-01-04 00:00:00+01	67	1.02212750000000008	PT0M
2015-01-04 00:15:00+01	67	0.964034999999998976	PT0M
2015-01-04 00:30:00+01	67	0.899545000000000039	PT0M
2015-01-04 00:45:00+01	67	0.835054999999998993	PT0M
2015-01-04 01:00:00+01	67	0.770564999999998945	PT0M
2015-01-04 01:15:00+01	67	0.718974999999999032	PT0M
2015-01-04 01:30:00+01	67	0.680285000000000029	PT0M
2015-01-04 01:45:00+01	67	0.641594999999999027	PT0M
2015-01-04 02:00:00+01	67	0.602905000000000024	PT0M
2015-01-04 02:15:00+01	67	0.583404999999998952	PT0M
2015-01-04 02:30:00+01	67	0.583094999999999031	PT0M
2015-01-04 02:45:00+01	67	0.582784999999999997	PT0M
2015-01-04 03:00:00+01	67	0.582474999999998966	PT0M
2015-01-04 03:15:00+01	67	0.626847500000000002	PT0M
2015-01-04 03:30:00+01	67	0.715902499999998998	PT0M
2015-01-04 03:45:00+01	67	0.804957499999998993	PT0M
2015-01-04 04:00:00+01	67	0.894012499999999988	PT0M
2015-01-04 04:15:00+01	67	0.932082500000000036	PT0M
2015-01-04 04:30:00+01	67	0.919167500000000026	PT0M
2015-01-04 04:45:00+01	67	0.906252500000000016	PT0M
2015-01-04 05:00:00+01	67	0.893337500000000007	PT0M
2015-01-04 05:15:00+01	67	0.809359999999999968	PT0M
2015-01-04 05:30:00+01	67	0.654320000000000013	PT0M
2015-01-04 05:45:00+01	67	0.499279999999999002	PT0M
2015-01-04 06:00:00+01	67	0.344239999999998991	PT0M
2015-01-04 06:15:00+01	67	0.262834999999999985	PT0M
2015-01-04 06:30:00+01	67	0.255064999999998987	PT0M
2015-01-04 06:45:00+01	67	0.247294999999998988	PT0M
2015-01-04 07:00:00+01	67	0.239524999999998989	PT0M
2015-01-04 07:15:00+01	67	0.235639999999998989	PT0M
2015-01-04 07:30:00+01	67	0.235639999999998989	PT0M
2015-01-04 07:45:00+01	67	0.235639999999998989	PT0M
2015-01-04 08:00:00+01	67	0.235639999999998989	PT0M
2015-01-04 08:15:00+01	67	0.253302499999998987	PT0M
2015-01-04 08:30:00+01	67	0.288627499999999981	PT0M
2015-01-04 08:45:00+01	67	0.323952499999998977	PT0M
2015-01-04 09:00:00+01	67	0.359277500000000027	PT0M
2015-01-04 09:15:00+01	67	0.408959999999998991	PT0M
2015-01-04 09:30:00+01	67	0.472999999999998977	PT0M
2015-01-04 09:45:00+01	67	0.537039999999998963	PT0M
2015-01-04 10:00:00+01	67	0.601079999999999948	PT0M
2015-01-04 10:15:00+01	67	0.652469999999998995	PT0M
2015-01-04 10:30:00+01	67	0.691209999999998992	PT0M
2015-01-04 10:45:00+01	67	0.729949999999998989	PT0M
2015-01-04 11:00:00+01	67	0.768689999999998985	PT0M
2015-01-04 11:15:00+01	67	0.769022499999999054	PT0M
2015-01-04 11:30:00+01	67	0.730947499999999972	PT0M
2015-01-04 11:45:00+01	67	0.692872500000000002	PT0M
2015-01-04 12:00:00+01	67	0.654797499999999033	PT0M
2015-01-04 12:15:00+01	67	0.629464999999999053	PT0M
2015-01-04 12:30:00+01	67	0.616874999999999951	PT0M
2015-01-04 12:45:00+01	67	0.604284999999998962	PT0M
2015-01-04 13:00:00+01	67	0.591694999999999971	PT0M
2015-01-04 13:15:00+01	67	0.611254999999999993	PT0M
2015-01-04 13:30:00+01	67	0.662965000000000027	PT0M
2015-01-04 13:45:00+01	67	0.71467499999999895	PT0M
2015-01-04 14:00:00+01	67	0.766384999999999983	PT0M
2015-01-04 14:15:00+01	67	0.779525000000000023	PT0M
2015-01-04 14:30:00+01	67	0.754094999999998961	PT0M
2015-01-04 14:45:00+01	67	0.728665000000000007	PT0M
2015-01-04 15:00:00+01	67	0.703235000000000054	PT0M
2015-01-04 15:15:00+01	67	0.71001000000000003	PT0M
2015-01-04 15:30:00+01	67	0.748990000000000045	PT0M
2015-01-04 15:45:00+01	67	0.787969999999999948	PT0M
\.


--
-- Data for Name: price; Type: TABLE DATA; Schema: public; Owner: a1test
--

COPY price (datetime, market_id, value, horizon) FROM stdin;
2014-12-31 16:00:00+01	1	25.0199999999999996	PT0M
2014-12-31 16:15:00+01	1	25.0199999999999996	PT0M
2014-12-31 16:30:00+01	1	25.0199999999999996	PT0M
2014-12-31 16:45:00+01	1	25.0199999999999996	PT0M
2014-12-31 17:00:00+01	1	18.2899999999999991	PT0M
2014-12-31 17:15:00+01	1	18.2899999999999991	PT0M
2014-12-31 17:30:00+01	1	18.2899999999999991	PT0M
2014-12-31 17:45:00+01	1	18.2899999999999991	PT0M
2014-12-31 18:00:00+01	1	16.0399999999999991	PT0M
2014-12-31 18:15:00+01	1	16.0399999999999991	PT0M
2014-12-31 18:30:00+01	1	16.0399999999999991	PT0M
2014-12-31 18:45:00+01	1	16.0399999999999991	PT0M
2014-12-31 19:00:00+01	1	14.5999999999999996	PT0M
2014-12-31 19:15:00+01	1	14.5999999999999996	PT0M
2014-12-31 19:30:00+01	1	14.5999999999999996	PT0M
2014-12-31 19:45:00+01	1	14.5999999999999996	PT0M
2014-12-31 20:00:00+01	1	14.9499999999999993	PT0M
2014-12-31 20:15:00+01	1	14.9499999999999993	PT0M
2014-12-31 20:30:00+01	1	14.9499999999999993	PT0M
2014-12-31 20:45:00+01	1	14.9499999999999993	PT0M
2014-12-31 21:00:00+01	1	14.5	PT0M
2014-12-31 21:15:00+01	1	14.5	PT0M
2014-12-31 21:30:00+01	1	14.5	PT0M
2014-12-31 21:45:00+01	1	14.5	PT0M
2014-12-31 22:00:00+01	1	10.7599999999999998	PT0M
2014-12-31 22:15:00+01	1	10.7599999999999998	PT0M
2014-12-31 22:30:00+01	1	10.7599999999999998	PT0M
2014-12-31 22:45:00+01	1	10.7599999999999998	PT0M
2014-12-31 23:00:00+01	1	12.0099999999999998	PT0M
2014-12-31 23:15:00+01	1	12.0099999999999998	PT0M
2014-12-31 23:30:00+01	1	12.0099999999999998	PT0M
2014-12-31 23:45:00+01	1	12.0099999999999998	PT0M
2015-01-01 00:00:00+01	1	12.3900000000000006	PT0M
2015-01-01 00:15:00+01	1	12.3900000000000006	PT0M
2015-01-01 00:30:00+01	1	12.3900000000000006	PT0M
2015-01-01 00:45:00+01	1	12.3900000000000006	PT0M
2015-01-01 01:00:00+01	1	14.0399999999999991	PT0M
2015-01-01 01:15:00+01	1	14.0399999999999991	PT0M
2015-01-01 01:30:00+01	1	14.0399999999999991	PT0M
2015-01-01 01:45:00+01	1	14.0399999999999991	PT0M
2015-01-01 02:00:00+01	1	14.6799999999999997	PT0M
2015-01-01 02:15:00+01	1	14.6799999999999997	PT0M
2015-01-01 02:30:00+01	1	14.6799999999999997	PT0M
2015-01-01 02:45:00+01	1	14.6799999999999997	PT0M
2015-01-01 03:00:00+01	1	16.0799999999999983	PT0M
2015-01-01 03:15:00+01	1	16.0799999999999983	PT0M
2015-01-01 03:30:00+01	1	16.0799999999999983	PT0M
2015-01-01 03:45:00+01	1	16.0799999999999983	PT0M
2015-01-01 04:00:00+01	1	16.0799999999999983	PT0M
2015-01-01 04:15:00+01	1	16.0799999999999983	PT0M
2015-01-01 04:30:00+01	1	16.0799999999999983	PT0M
2015-01-01 04:45:00+01	1	16.0799999999999983	PT0M
2015-01-01 05:00:00+01	1	16.0500000000000007	PT0M
2015-01-01 05:15:00+01	1	16.0500000000000007	PT0M
2015-01-01 05:30:00+01	1	16.0500000000000007	PT0M
2015-01-01 05:45:00+01	1	16.0500000000000007	PT0M
2015-01-01 06:00:00+01	1	16.0399999999999991	PT0M
2015-01-01 06:15:00+01	1	16.0399999999999991	PT0M
2015-01-01 06:30:00+01	1	16.0399999999999991	PT0M
2015-01-01 06:45:00+01	1	16.0399999999999991	PT0M
2015-01-01 07:00:00+01	1	16.1000000000000014	PT0M
2015-01-01 07:15:00+01	1	16.1000000000000014	PT0M
2015-01-01 07:30:00+01	1	16.1000000000000014	PT0M
2015-01-01 07:45:00+01	1	16.1000000000000014	PT0M
2015-01-01 08:00:00+01	1	23.9299999999999997	PT0M
2015-01-01 08:15:00+01	1	23.9299999999999997	PT0M
2015-01-01 08:30:00+01	1	23.9299999999999997	PT0M
2015-01-01 08:45:00+01	1	23.9299999999999997	PT0M
2015-01-01 09:00:00+01	1	26.8999999999999986	PT0M
2015-01-01 09:15:00+01	1	26.8999999999999986	PT0M
2015-01-01 09:30:00+01	1	26.8999999999999986	PT0M
2015-01-01 09:45:00+01	1	26.8999999999999986	PT0M
2015-01-01 10:00:00+01	1	26.3599999999999994	PT0M
2015-01-01 10:15:00+01	1	26.3599999999999994	PT0M
2015-01-01 10:30:00+01	1	26.3599999999999994	PT0M
2015-01-01 10:45:00+01	1	26.3599999999999994	PT0M
2015-01-01 11:00:00+01	1	23.9800000000000004	PT0M
2015-01-01 11:15:00+01	1	23.9800000000000004	PT0M
2015-01-01 11:30:00+01	1	23.9800000000000004	PT0M
2015-01-01 11:45:00+01	1	23.9800000000000004	PT0M
2015-01-01 12:00:00+01	1	16.0899999999999999	PT0M
2015-01-01 12:15:00+01	1	16.0899999999999999	PT0M
2015-01-01 12:30:00+01	1	16.0899999999999999	PT0M
2015-01-01 12:45:00+01	1	16.0899999999999999	PT0M
2015-01-01 13:00:00+01	1	14.0800000000000001	PT0M
2015-01-01 13:15:00+01	1	14.0800000000000001	PT0M
2015-01-01 13:30:00+01	1	14.0800000000000001	PT0M
2015-01-01 13:45:00+01	1	14.0800000000000001	PT0M
2015-01-01 14:00:00+01	1	12.4399999999999995	PT0M
2015-01-01 14:15:00+01	1	12.4399999999999995	PT0M
2015-01-01 14:30:00+01	1	12.4399999999999995	PT0M
2015-01-01 14:45:00+01	1	12.4399999999999995	PT0M
2015-01-01 15:00:00+01	1	0.0400000000000000008	PT0M
2015-01-01 15:15:00+01	1	0.0400000000000000008	PT0M
2015-01-01 15:30:00+01	1	0.0400000000000000008	PT0M
2015-01-01 15:45:00+01	1	0.0400000000000000008	PT0M
2015-01-01 16:00:00+01	1	-12.1099999999999994	PT0M
2015-01-01 16:15:00+01	1	-12.1099999999999994	PT0M
2015-01-01 16:30:00+01	1	-12.1099999999999994	PT0M
2015-01-01 16:45:00+01	1	-12.1099999999999994	PT0M
2015-01-01 17:00:00+01	1	-19.629999999999999	PT0M
2015-01-01 17:15:00+01	1	-19.629999999999999	PT0M
2015-01-01 17:30:00+01	1	-19.629999999999999	PT0M
2015-01-01 17:45:00+01	1	-19.629999999999999	PT0M
2015-01-01 18:00:00+01	1	-19.370000000000001	PT0M
2015-01-01 18:15:00+01	1	-19.370000000000001	PT0M
2015-01-01 18:30:00+01	1	-19.370000000000001	PT0M
2015-01-01 18:45:00+01	1	-19.370000000000001	PT0M
2015-01-01 19:00:00+01	1	-31.4100000000000001	PT0M
2015-01-01 19:15:00+01	1	-31.4100000000000001	PT0M
2015-01-01 19:30:00+01	1	-31.4100000000000001	PT0M
2015-01-01 19:45:00+01	1	-31.4100000000000001	PT0M
2015-01-01 20:00:00+01	1	-46.9699999999999989	PT0M
2015-01-01 20:15:00+01	1	-46.9699999999999989	PT0M
2015-01-01 20:30:00+01	1	-46.9699999999999989	PT0M
2015-01-01 20:45:00+01	1	-46.9699999999999989	PT0M
2015-01-01 21:00:00+01	1	-13.4800000000000004	PT0M
2015-01-01 21:15:00+01	1	-13.4800000000000004	PT0M
2015-01-01 21:30:00+01	1	-13.4800000000000004	PT0M
2015-01-01 21:45:00+01	1	-13.4800000000000004	PT0M
2015-01-01 22:00:00+01	1	0.0800000000000000017	PT0M
2015-01-01 22:15:00+01	1	0.0800000000000000017	PT0M
2015-01-01 22:30:00+01	1	0.0800000000000000017	PT0M
2015-01-01 22:45:00+01	1	0.0800000000000000017	PT0M
2015-01-01 23:00:00+01	1	10.0600000000000005	PT0M
2015-01-01 23:15:00+01	1	10.0600000000000005	PT0M
2015-01-01 23:30:00+01	1	10.0600000000000005	PT0M
2015-01-01 23:45:00+01	1	10.0600000000000005	PT0M
2015-01-02 00:00:00+01	1	14.25	PT0M
2015-01-02 00:15:00+01	1	14.25	PT0M
2015-01-02 00:30:00+01	1	14.25	PT0M
2015-01-02 00:45:00+01	1	14.25	PT0M
2015-01-02 01:00:00+01	1	14.5600000000000005	PT0M
2015-01-02 01:15:00+01	1	14.5600000000000005	PT0M
2015-01-02 01:30:00+01	1	14.5600000000000005	PT0M
2015-01-02 01:45:00+01	1	14.5600000000000005	PT0M
2015-01-02 02:00:00+01	1	14.6400000000000006	PT0M
2015-01-02 02:15:00+01	1	14.6400000000000006	PT0M
2015-01-02 02:30:00+01	1	14.6400000000000006	PT0M
2015-01-02 02:45:00+01	1	14.6400000000000006	PT0M
2015-01-02 03:00:00+01	1	15.0800000000000001	PT0M
2015-01-02 03:15:00+01	1	15.0800000000000001	PT0M
2015-01-02 03:30:00+01	1	15.0800000000000001	PT0M
2015-01-02 03:45:00+01	1	15.0800000000000001	PT0M
2015-01-02 04:00:00+01	1	15.4100000000000001	PT0M
2015-01-02 04:15:00+01	1	15.4100000000000001	PT0M
2015-01-02 04:30:00+01	1	15.4100000000000001	PT0M
2015-01-02 04:45:00+01	1	15.4100000000000001	PT0M
2015-01-02 05:00:00+01	1	14.5199999999999996	PT0M
2015-01-02 05:15:00+01	1	14.5199999999999996	PT0M
2015-01-02 05:30:00+01	1	14.5199999999999996	PT0M
2015-01-02 05:45:00+01	1	14.5199999999999996	PT0M
2015-01-02 06:00:00+01	1	14.6999999999999993	PT0M
2015-01-02 06:15:00+01	1	14.6999999999999993	PT0M
2015-01-02 06:30:00+01	1	14.6999999999999993	PT0M
2015-01-02 06:45:00+01	1	14.6999999999999993	PT0M
2015-01-02 07:00:00+01	1	14.6600000000000001	PT0M
2015-01-02 07:15:00+01	1	14.6600000000000001	PT0M
2015-01-02 07:30:00+01	1	14.6600000000000001	PT0M
2015-01-02 07:45:00+01	1	14.6600000000000001	PT0M
2015-01-02 08:00:00+01	1	16.0899999999999999	PT0M
2015-01-02 08:15:00+01	1	16.0899999999999999	PT0M
2015-01-02 08:30:00+01	1	16.0899999999999999	PT0M
2015-01-02 08:45:00+01	1	16.0899999999999999	PT0M
2015-01-02 09:00:00+01	1	25.1000000000000014	PT0M
2015-01-02 09:15:00+01	1	25.1000000000000014	PT0M
2015-01-02 09:30:00+01	1	25.1000000000000014	PT0M
2015-01-02 09:45:00+01	1	25.1000000000000014	PT0M
2015-01-02 10:00:00+01	1	25.0599999999999987	PT0M
2015-01-02 10:15:00+01	1	25.0599999999999987	PT0M
2015-01-02 10:30:00+01	1	25.0599999999999987	PT0M
2015-01-02 10:45:00+01	1	25.0599999999999987	PT0M
2015-01-02 11:00:00+01	1	19.0799999999999983	PT0M
2015-01-02 11:15:00+01	1	19.0799999999999983	PT0M
2015-01-02 11:30:00+01	1	19.0799999999999983	PT0M
2015-01-02 11:45:00+01	1	19.0799999999999983	PT0M
2015-01-02 12:00:00+01	1	14.2599999999999998	PT0M
2015-01-02 12:15:00+01	1	14.2599999999999998	PT0M
2015-01-02 12:30:00+01	1	14.2599999999999998	PT0M
2015-01-02 12:45:00+01	1	14.2599999999999998	PT0M
2015-01-02 13:00:00+01	1	12.2200000000000006	PT0M
2015-01-02 13:15:00+01	1	12.2200000000000006	PT0M
2015-01-02 13:30:00+01	1	12.2200000000000006	PT0M
2015-01-02 13:45:00+01	1	12.2200000000000006	PT0M
2015-01-02 14:00:00+01	1	10.4000000000000004	PT0M
2015-01-02 14:15:00+01	1	10.4000000000000004	PT0M
2015-01-02 14:30:00+01	1	10.4000000000000004	PT0M
2015-01-02 14:45:00+01	1	10.4000000000000004	PT0M
2015-01-02 15:00:00+01	1	-0.330000000000000016	PT0M
2015-01-02 15:15:00+01	1	-0.330000000000000016	PT0M
2015-01-02 15:30:00+01	1	-0.330000000000000016	PT0M
2015-01-02 15:45:00+01	1	-0.330000000000000016	PT0M
2015-01-02 16:00:00+01	1	-0.0800000000000000017	PT0M
2015-01-02 16:15:00+01	1	-0.0800000000000000017	PT0M
2015-01-02 16:30:00+01	1	-0.0800000000000000017	PT0M
2015-01-02 16:45:00+01	1	-0.0800000000000000017	PT0M
2015-01-02 17:00:00+01	1	-0.0700000000000000067	PT0M
2015-01-02 17:15:00+01	1	-0.0700000000000000067	PT0M
2015-01-02 17:30:00+01	1	-0.0700000000000000067	PT0M
2015-01-02 17:45:00+01	1	-0.0700000000000000067	PT0M
2015-01-02 18:00:00+01	1	-5.03000000000000025	PT0M
2015-01-02 18:15:00+01	1	-5.03000000000000025	PT0M
2015-01-02 18:30:00+01	1	-5.03000000000000025	PT0M
2015-01-02 18:45:00+01	1	-5.03000000000000025	PT0M
2015-01-02 19:00:00+01	1	0.0100000000000000002	PT0M
2015-01-02 19:15:00+01	1	0.0100000000000000002	PT0M
2015-01-02 19:30:00+01	1	0.0100000000000000002	PT0M
2015-01-02 19:45:00+01	1	0.0100000000000000002	PT0M
2015-01-02 20:00:00+01	1	-0.0400000000000000008	PT0M
2015-01-02 20:15:00+01	1	-0.0400000000000000008	PT0M
2015-01-02 20:30:00+01	1	-0.0400000000000000008	PT0M
2015-01-02 20:45:00+01	1	-0.0400000000000000008	PT0M
2015-01-02 21:00:00+01	1	0.0299999999999999989	PT0M
2015-01-02 21:15:00+01	1	0.0299999999999999989	PT0M
2015-01-02 21:30:00+01	1	0.0299999999999999989	PT0M
2015-01-02 21:45:00+01	1	0.0299999999999999989	PT0M
2015-01-02 22:00:00+01	1	-8.66999999999999993	PT0M
2015-01-02 22:15:00+01	1	-8.66999999999999993	PT0M
2015-01-02 22:30:00+01	1	-8.66999999999999993	PT0M
2015-01-02 22:45:00+01	1	-8.66999999999999993	PT0M
2015-01-02 23:00:00+01	1	4.45999999999999996	PT0M
2015-01-02 23:15:00+01	1	4.45999999999999996	PT0M
2015-01-02 23:30:00+01	1	4.45999999999999996	PT0M
2015-01-02 23:45:00+01	1	4.45999999999999996	PT0M
2015-01-03 00:00:00+01	1	9.90000000000000036	PT0M
2015-01-03 00:15:00+01	1	9.90000000000000036	PT0M
2015-01-03 00:30:00+01	1	9.90000000000000036	PT0M
2015-01-03 00:45:00+01	1	9.90000000000000036	PT0M
2015-01-03 01:00:00+01	1	14.2899999999999991	PT0M
2015-01-03 01:15:00+01	1	14.2899999999999991	PT0M
2015-01-03 01:30:00+01	1	14.2899999999999991	PT0M
2015-01-03 01:45:00+01	1	14.2899999999999991	PT0M
2015-01-03 02:00:00+01	1	16.7300000000000004	PT0M
2015-01-03 02:15:00+01	1	16.7300000000000004	PT0M
2015-01-03 02:30:00+01	1	16.7300000000000004	PT0M
2015-01-03 02:45:00+01	1	16.7300000000000004	PT0M
2015-01-03 03:00:00+01	1	22.3099999999999987	PT0M
2015-01-03 03:15:00+01	1	22.3099999999999987	PT0M
2015-01-03 03:30:00+01	1	22.3099999999999987	PT0M
2015-01-03 03:45:00+01	1	22.3099999999999987	PT0M
2015-01-03 04:00:00+01	1	23.0300000000000011	PT0M
2015-01-03 04:15:00+01	1	23.0300000000000011	PT0M
2015-01-03 04:30:00+01	1	23.0300000000000011	PT0M
2015-01-03 04:45:00+01	1	23.0300000000000011	PT0M
2015-01-03 05:00:00+01	1	22.3999999999999986	PT0M
2015-01-03 05:15:00+01	1	22.3999999999999986	PT0M
2015-01-03 05:30:00+01	1	22.3999999999999986	PT0M
2015-01-03 05:45:00+01	1	22.3999999999999986	PT0M
2015-01-03 06:00:00+01	1	27.0700000000000003	PT0M
2015-01-03 06:15:00+01	1	27.0700000000000003	PT0M
2015-01-03 06:30:00+01	1	27.0700000000000003	PT0M
2015-01-03 06:45:00+01	1	27.0700000000000003	PT0M
2015-01-03 07:00:00+01	1	29.3299999999999983	PT0M
2015-01-03 07:15:00+01	1	29.3299999999999983	PT0M
2015-01-03 07:30:00+01	1	29.3299999999999983	PT0M
2015-01-03 07:45:00+01	1	29.3299999999999983	PT0M
2015-01-03 08:00:00+01	1	33.8500000000000014	PT0M
2015-01-03 08:15:00+01	1	33.8500000000000014	PT0M
2015-01-03 08:30:00+01	1	33.8500000000000014	PT0M
2015-01-03 08:45:00+01	1	33.8500000000000014	PT0M
2015-01-03 09:00:00+01	1	45.9600000000000009	PT0M
2015-01-03 09:15:00+01	1	45.9600000000000009	PT0M
2015-01-03 09:30:00+01	1	45.9600000000000009	PT0M
2015-01-03 09:45:00+01	1	45.9600000000000009	PT0M
2015-01-03 10:00:00+01	1	49.8200000000000003	PT0M
2015-01-03 10:15:00+01	1	49.8200000000000003	PT0M
2015-01-03 10:30:00+01	1	49.8200000000000003	PT0M
2015-01-03 10:45:00+01	1	49.8200000000000003	PT0M
2015-01-03 11:00:00+01	1	47.6199999999999974	PT0M
2015-01-03 11:15:00+01	1	47.6199999999999974	PT0M
2015-01-03 11:30:00+01	1	47.6199999999999974	PT0M
2015-01-03 11:45:00+01	1	47.6199999999999974	PT0M
2015-01-03 12:00:00+01	1	35.9799999999999969	PT0M
2015-01-03 12:15:00+01	1	35.9799999999999969	PT0M
2015-01-03 12:30:00+01	1	35.9799999999999969	PT0M
2015-01-03 12:45:00+01	1	35.9799999999999969	PT0M
2015-01-03 13:00:00+01	1	27.2600000000000016	PT0M
2015-01-03 13:15:00+01	1	27.2600000000000016	PT0M
2015-01-03 13:30:00+01	1	27.2600000000000016	PT0M
2015-01-03 13:45:00+01	1	27.2600000000000016	PT0M
2015-01-03 14:00:00+01	1	27.6999999999999993	PT0M
2015-01-03 14:15:00+01	1	27.6999999999999993	PT0M
2015-01-03 14:30:00+01	1	27.6999999999999993	PT0M
2015-01-03 14:45:00+01	1	27.6999999999999993	PT0M
2015-01-03 15:00:00+01	1	14.2699999999999996	PT0M
2015-01-03 15:15:00+01	1	14.2699999999999996	PT0M
2015-01-03 15:30:00+01	1	14.2699999999999996	PT0M
2015-01-03 15:45:00+01	1	14.2699999999999996	PT0M
2015-01-03 16:00:00+01	1	9.32000000000000028	PT0M
2015-01-03 16:15:00+01	1	9.32000000000000028	PT0M
2015-01-03 16:30:00+01	1	9.32000000000000028	PT0M
2015-01-03 16:45:00+01	1	9.32000000000000028	PT0M
2015-01-03 17:00:00+01	1	0.0200000000000000004	PT0M
2015-01-03 17:15:00+01	1	0.0200000000000000004	PT0M
2015-01-03 17:30:00+01	1	0.0200000000000000004	PT0M
2015-01-03 17:45:00+01	1	0.0200000000000000004	PT0M
2015-01-03 18:00:00+01	1	-0.0400000000000000008	PT0M
2015-01-03 18:15:00+01	1	-0.0400000000000000008	PT0M
2015-01-03 18:30:00+01	1	-0.0400000000000000008	PT0M
2015-01-03 18:45:00+01	1	-0.0400000000000000008	PT0M
2015-01-03 19:00:00+01	1	0.0100000000000000002	PT0M
2015-01-03 19:15:00+01	1	0.0100000000000000002	PT0M
2015-01-03 19:30:00+01	1	0.0100000000000000002	PT0M
2015-01-03 19:45:00+01	1	0.0100000000000000002	PT0M
2015-01-03 20:00:00+01	1	0	PT0M
2015-01-03 20:15:00+01	1	0	PT0M
2015-01-03 20:30:00+01	1	0	PT0M
2015-01-03 20:45:00+01	1	0	PT0M
2015-01-03 21:00:00+01	1	-0.0100000000000000002	PT0M
2015-01-03 21:15:00+01	1	-0.0100000000000000002	PT0M
2015-01-03 21:30:00+01	1	-0.0100000000000000002	PT0M
2015-01-03 21:45:00+01	1	-0.0100000000000000002	PT0M
2015-01-03 22:00:00+01	1	-3.18000000000000016	PT0M
2015-01-03 22:15:00+01	1	-3.18000000000000016	PT0M
2015-01-03 22:30:00+01	1	-3.18000000000000016	PT0M
2015-01-03 22:45:00+01	1	-3.18000000000000016	PT0M
2015-01-03 23:00:00+01	1	-0.0500000000000000028	PT0M
2015-01-03 23:15:00+01	1	-0.0500000000000000028	PT0M
2015-01-03 23:30:00+01	1	-0.0500000000000000028	PT0M
2015-01-03 23:45:00+01	1	-0.0500000000000000028	PT0M
2015-01-04 00:00:00+01	1	0.0500000000000000028	PT0M
2015-01-04 00:15:00+01	1	0.0500000000000000028	PT0M
2015-01-04 00:30:00+01	1	0.0500000000000000028	PT0M
2015-01-04 00:45:00+01	1	0.0500000000000000028	PT0M
2015-01-04 01:00:00+01	1	9.61999999999999922	PT0M
2015-01-04 01:15:00+01	1	9.61999999999999922	PT0M
2015-01-04 01:30:00+01	1	9.61999999999999922	PT0M
2015-01-04 01:45:00+01	1	9.61999999999999922	PT0M
2015-01-04 02:00:00+01	1	11.5399999999999991	PT0M
2015-01-04 02:15:00+01	1	11.5399999999999991	PT0M
2015-01-04 02:30:00+01	1	11.5399999999999991	PT0M
2015-01-04 02:45:00+01	1	11.5399999999999991	PT0M
2015-01-04 03:00:00+01	1	14.6799999999999997	PT0M
2015-01-04 03:15:00+01	1	14.6799999999999997	PT0M
2015-01-04 03:30:00+01	1	14.6799999999999997	PT0M
2015-01-04 03:45:00+01	1	14.6799999999999997	PT0M
2015-01-04 04:00:00+01	1	14.3100000000000005	PT0M
2015-01-04 04:15:00+01	1	14.3100000000000005	PT0M
2015-01-04 04:30:00+01	1	14.3100000000000005	PT0M
2015-01-04 04:45:00+01	1	14.3100000000000005	PT0M
2015-01-04 05:00:00+01	1	11.1799999999999997	PT0M
2015-01-04 05:15:00+01	1	11.1799999999999997	PT0M
2015-01-04 05:30:00+01	1	11.1799999999999997	PT0M
2015-01-04 05:45:00+01	1	11.1799999999999997	PT0M
2015-01-04 06:00:00+01	1	12.0099999999999998	PT0M
2015-01-04 06:15:00+01	1	12.0099999999999998	PT0M
2015-01-04 06:30:00+01	1	12.0099999999999998	PT0M
2015-01-04 06:45:00+01	1	12.0099999999999998	PT0M
2015-01-04 07:00:00+01	1	14.3599999999999994	PT0M
2015-01-04 07:15:00+01	1	14.3599999999999994	PT0M
2015-01-04 07:30:00+01	1	14.3599999999999994	PT0M
2015-01-04 07:45:00+01	1	14.3599999999999994	PT0M
2015-01-04 08:00:00+01	1	17.5500000000000007	PT0M
2015-01-04 08:15:00+01	1	17.5500000000000007	PT0M
2015-01-04 08:30:00+01	1	17.5500000000000007	PT0M
2015-01-04 08:45:00+01	1	17.5500000000000007	PT0M
2015-01-04 09:00:00+01	1	28.9400000000000013	PT0M
2015-01-04 09:15:00+01	1	28.9400000000000013	PT0M
2015-01-04 09:30:00+01	1	28.9400000000000013	PT0M
2015-01-04 09:45:00+01	1	28.9400000000000013	PT0M
2015-01-04 10:00:00+01	1	29.5899999999999999	PT0M
2015-01-04 10:15:00+01	1	29.5899999999999999	PT0M
2015-01-04 10:30:00+01	1	29.5899999999999999	PT0M
2015-01-04 10:45:00+01	1	29.5899999999999999	PT0M
2015-01-04 11:00:00+01	1	29.4200000000000017	PT0M
2015-01-04 11:15:00+01	1	29.4200000000000017	PT0M
2015-01-04 11:30:00+01	1	29.4200000000000017	PT0M
2015-01-04 11:45:00+01	1	29.4200000000000017	PT0M
2015-01-04 12:00:00+01	1	28.9200000000000017	PT0M
2015-01-04 12:15:00+01	1	28.9200000000000017	PT0M
2015-01-04 12:30:00+01	1	28.9200000000000017	PT0M
2015-01-04 12:45:00+01	1	28.9200000000000017	PT0M
2015-01-04 13:00:00+01	1	28.6600000000000001	PT0M
2015-01-04 13:15:00+01	1	28.6600000000000001	PT0M
2015-01-04 13:30:00+01	1	28.6600000000000001	PT0M
2015-01-04 13:45:00+01	1	28.6600000000000001	PT0M
2015-01-04 14:00:00+01	1	29.7399999999999984	PT0M
2015-01-04 14:15:00+01	1	29.7399999999999984	PT0M
2015-01-04 14:30:00+01	1	29.7399999999999984	PT0M
2015-01-04 14:45:00+01	1	29.7399999999999984	PT0M
2015-01-04 15:00:00+01	1	24.8999999999999986	PT0M
2015-01-04 15:15:00+01	1	24.8999999999999986	PT0M
2015-01-04 15:30:00+01	1	24.8999999999999986	PT0M
2015-01-04 15:45:00+01	1	24.8999999999999986	PT0M
\.


--
-- Data for Name: weather; Type: TABLE DATA; Schema: public; Owner: a1test
--

COPY weather (sensor_id, datetime, value, horizon) FROM stdin;
1	2014-12-31 16:00:00+01	4.5	PT0M
1	2014-12-31 16:15:00+01	5.01874999999999005	PT0M
1	2014-12-31 16:30:00+01	6.05625000000000036	PT0M
1	2014-12-31 16:45:00+01	7.09375	PT0M
1	2014-12-31 17:00:00+01	8.13124999999999964	PT0M
1	2014-12-31 17:15:00+01	9.15000000000000036	PT0M
1	2014-12-31 17:30:00+01	10.1500000000000004	PT0M
1	2014-12-31 17:45:00+01	11.1500000000000004	PT0M
1	2014-12-31 18:00:00+01	12.1500000000000004	PT0M
1	2014-12-31 18:15:00+01	12.6125000000000007	PT0M
1	2014-12-31 18:30:00+01	12.5374999999999996	PT0M
1	2014-12-31 18:45:00+01	12.4625000000000004	PT0M
1	2014-12-31 19:00:00+01	12.3874999999998998	PT0M
1	2014-12-31 19:15:00+01	12.3249999999998998	PT0M
1	2014-12-31 19:30:00+01	12.2750000000000004	PT0M
1	2014-12-31 19:45:00+01	12.2249999999999996	PT0M
1	2014-12-31 20:00:00+01	12.1750000000000007	PT0M
1	2014-12-31 20:15:00+01	12.1374999999998998	PT0M
1	2014-12-31 20:30:00+01	12.1125000000000007	PT0M
1	2014-12-31 20:45:00+01	12.0875000000000004	PT0M
1	2014-12-31 21:00:00+01	12.0625	PT0M
1	2014-12-31 21:15:00+01	12.0374999999999996	PT0M
1	2014-12-31 21:30:00+01	12.0124999999998998	PT0M
1	2014-12-31 21:45:00+01	11.9875000000000007	PT0M
1	2014-12-31 22:00:00+01	11.9624999999999009	PT0M
1	2014-12-31 22:15:00+01	11.9375	PT0M
1	2014-12-31 22:30:00+01	11.9124999999999002	PT0M
1	2014-12-31 22:45:00+01	11.8874999999998998	PT0M
1	2014-12-31 23:00:00+01	11.8625000000000007	PT0M
1	2014-12-31 23:15:00+01	11.8499999999999996	PT0M
1	2014-12-31 23:30:00+01	11.8499999999999996	PT0M
1	2014-12-31 23:45:00+01	11.8499999999999996	PT0M
1	2015-01-01 00:00:00+01	11.8499999999999996	PT0M
1	2015-01-01 00:15:00+01	11.8874999999998998	PT0M
1	2015-01-01 00:30:00+01	11.9625000000000004	PT0M
1	2015-01-01 00:45:00+01	12.0374999999999996	PT0M
1	2015-01-01 01:00:00+01	12.1125000000000007	PT0M
1	2015-01-01 01:15:00+01	12.2437500000000004	PT0M
1	2015-01-01 01:30:00+01	12.4312500000000004	PT0M
1	2015-01-01 01:45:00+01	12.6187500000000004	PT0M
1	2015-01-01 02:00:00+01	12.8062500000000004	PT0M
1	2015-01-01 02:15:00+01	13.0250000000000004	PT0M
1	2015-01-01 02:30:00+01	13.2750000000000004	PT0M
1	2015-01-01 02:45:00+01	13.5250000000000004	PT0M
1	2015-01-01 03:00:00+01	13.7750000000000004	PT0M
1	2015-01-01 03:15:00+01	14.0250000000000004	PT0M
1	2015-01-01 03:30:00+01	14.2750000000000004	PT0M
1	2015-01-01 03:45:00+01	14.5250000000000004	PT0M
1	2015-01-01 04:00:00+01	14.7750000000000004	PT0M
1	2015-01-01 04:15:00+01	15.0124999999998998	PT0M
1	2015-01-01 04:30:00+01	15.2375000000000007	PT0M
1	2015-01-01 04:45:00+01	15.4625000000000004	PT0M
1	2015-01-01 05:00:00+01	15.6875	PT0M
1	2015-01-01 05:15:00+01	15.8812499999999996	PT0M
1	2015-01-01 05:30:00+01	16.0437499999998998	PT0M
1	2015-01-01 05:45:00+01	16.2062500000000007	PT0M
1	2015-01-01 06:00:00+01	16.3687499999998991	PT0M
1	2015-01-01 06:15:00+01	16.5	PT0M
1	2015-01-01 06:30:00+01	16.6000000000000014	PT0M
1	2015-01-01 06:45:00+01	16.6999999999998998	PT0M
1	2015-01-01 07:00:00+01	16.8000000000000007	PT0M
1	2015-01-01 07:15:00+01	16.8687499999999986	PT0M
1	2015-01-01 07:30:00+01	16.90625	PT0M
1	2015-01-01 07:45:00+01	16.9437500000000014	PT0M
1	2015-01-01 08:00:00+01	16.9812499999998998	PT0M
1	2015-01-01 08:15:00+01	16.96875	PT0M
1	2015-01-01 08:30:00+01	16.90625	PT0M
1	2015-01-01 08:45:00+01	16.84375	PT0M
1	2015-01-01 09:00:00+01	16.78125	PT0M
1	2015-01-01 09:15:00+01	16.6750000000000007	PT0M
1	2015-01-01 09:30:00+01	16.5249999999998991	PT0M
1	2015-01-01 09:45:00+01	16.375	PT0M
1	2015-01-01 10:00:00+01	16.2249999999998984	PT0M
1	2015-01-01 10:15:00+01	16.0812499999999012	PT0M
1	2015-01-01 10:30:00+01	15.9437499999999996	PT0M
1	2015-01-01 10:45:00+01	15.8062499999999009	PT0M
1	2015-01-01 11:00:00+01	15.6687499999998998	PT0M
1	2015-01-01 11:15:00+01	15.5437499999998998	PT0M
1	2015-01-01 11:30:00+01	15.4312500000000004	PT0M
1	2015-01-01 11:45:00+01	15.3187499999999996	PT0M
1	2015-01-01 12:00:00+01	15.2062500000000007	PT0M
1	2015-01-01 12:15:00+01	15.09375	PT0M
1	2015-01-01 12:30:00+01	14.9812499999998998	PT0M
1	2015-01-01 12:45:00+01	14.8687500000000004	PT0M
1	2015-01-01 13:00:00+01	14.7562499999999996	PT0M
1	2015-01-01 13:15:00+01	14.6437499999998995	PT0M
1	2015-01-01 13:30:00+01	14.53125	PT0M
1	2015-01-01 13:45:00+01	14.4187499999998998	PT0M
1	2015-01-01 14:00:00+01	14.3062500000000004	PT0M
1	2015-01-01 14:15:00+01	14.1937499999999996	PT0M
1	2015-01-01 14:30:00+01	14.0812500000000007	PT0M
1	2015-01-01 14:45:00+01	13.96875	PT0M
1	2015-01-01 15:00:00+01	13.8562499999999993	PT0M
1	2015-01-01 15:15:00+01	13.75	PT0M
1	2015-01-01 15:30:00+01	13.6500000000000004	PT0M
1	2015-01-01 15:45:00+01	13.5500000000000007	PT0M
1	2015-01-01 16:00:00+01	13.4499999999998998	PT0M
1	2015-01-01 16:15:00+01	13.3249999999998998	PT0M
1	2015-01-01 16:30:00+01	13.1750000000000007	PT0M
1	2015-01-01 16:45:00+01	13.0250000000000004	PT0M
1	2015-01-01 17:00:00+01	12.875	PT0M
1	2015-01-01 17:15:00+01	12.7312499999999993	PT0M
1	2015-01-01 17:30:00+01	12.59375	PT0M
1	2015-01-01 17:45:00+01	12.4562500000000007	PT0M
1	2015-01-01 18:00:00+01	12.3187499999999996	PT0M
1	2015-01-01 18:15:00+01	12.1999999999998998	PT0M
1	2015-01-01 18:30:00+01	12.0999999999999996	PT0M
1	2015-01-01 18:45:00+01	12	PT0M
1	2015-01-01 19:00:00+01	11.8999999999999009	PT0M
1	2015-01-01 19:15:00+01	11.8000000000000007	PT0M
1	2015-01-01 19:30:00+01	11.6999999999998998	PT0M
1	2015-01-01 19:45:00+01	11.5999999999999002	PT0M
1	2015-01-01 20:00:00+01	11.5	PT0M
1	2015-01-01 20:15:00+01	11.4124999999999996	PT0M
1	2015-01-01 20:30:00+01	11.3375000000000004	PT0M
1	2015-01-01 20:45:00+01	11.2624999999998998	PT0M
1	2015-01-01 21:00:00+01	11.1875	PT0M
1	2015-01-01 21:15:00+01	11.1187500000000004	PT0M
1	2015-01-01 21:30:00+01	11.0562500000000004	PT0M
1	2015-01-01 21:45:00+01	10.9937500000000004	PT0M
1	2015-01-01 22:00:00+01	10.9312500000000004	PT0M
1	2015-01-01 22:15:00+01	10.875	PT0M
1	2015-01-01 22:30:00+01	10.8249999999998998	PT0M
1	2015-01-01 22:45:00+01	10.7750000000000004	PT0M
1	2015-01-01 23:00:00+01	10.7249999999999996	PT0M
1	2015-01-01 23:15:00+01	10.6875	PT0M
1	2015-01-01 23:30:00+01	10.6624999999999002	PT0M
1	2015-01-01 23:45:00+01	10.6374999999998998	PT0M
1	2015-01-02 00:00:00+01	10.6125000000000007	PT0M
1	2015-01-02 00:15:00+01	10.6125000000000007	PT0M
1	2015-01-02 00:30:00+01	10.6374999999998998	PT0M
1	2015-01-02 00:45:00+01	10.6624999999999002	PT0M
1	2015-01-02 01:00:00+01	10.6875	PT0M
1	2015-01-02 01:15:00+01	10.7374999999998995	PT0M
1	2015-01-02 01:30:00+01	10.8125	PT0M
1	2015-01-02 01:45:00+01	10.8874999999998998	PT0M
1	2015-01-02 02:00:00+01	10.9625000000000004	PT0M
1	2015-01-02 02:15:00+01	11.0437499999998998	PT0M
1	2015-01-02 02:30:00+01	11.1312499999999996	PT0M
1	2015-01-02 02:45:00+01	11.21875	PT0M
1	2015-01-02 03:00:00+01	11.3062499999999009	PT0M
1	2015-01-02 03:15:00+01	11.3874999999998998	PT0M
1	2015-01-02 03:30:00+01	11.4625000000000004	PT0M
1	2015-01-02 03:45:00+01	11.5374999999999996	PT0M
1	2015-01-02 04:00:00+01	11.6125000000000007	PT0M
1	2015-01-02 04:15:00+01	11.6812500000000004	PT0M
1	2015-01-02 04:30:00+01	11.7437500000000004	PT0M
1	2015-01-02 04:45:00+01	11.8062500000000004	PT0M
1	2015-01-02 05:00:00+01	11.8687500000000004	PT0M
1	2015-01-02 05:15:00+01	11.9250000000000007	PT0M
1	2015-01-02 05:30:00+01	11.9749999999999996	PT0M
1	2015-01-02 05:45:00+01	12.0250000000000004	PT0M
1	2015-01-02 06:00:00+01	12.0749999999998998	PT0M
1	2015-01-02 06:15:00+01	12.1125000000000007	PT0M
1	2015-01-02 06:30:00+01	12.1374999999998998	PT0M
1	2015-01-02 06:45:00+01	12.1624999999999002	PT0M
1	2015-01-02 07:00:00+01	12.1875	PT0M
1	2015-01-02 07:15:00+01	12.1937499999999996	PT0M
1	2015-01-02 07:30:00+01	12.1812500000000004	PT0M
1	2015-01-02 07:45:00+01	12.1687499999998998	PT0M
1	2015-01-02 08:00:00+01	12.15625	PT0M
1	2015-01-02 08:15:00+01	12.1312499999999996	PT0M
1	2015-01-02 08:30:00+01	12.09375	PT0M
1	2015-01-02 08:45:00+01	12.0562499999999009	PT0M
1	2015-01-02 09:00:00+01	12.0187500000000007	PT0M
1	2015-01-02 09:15:00+01	11.9625000000000004	PT0M
1	2015-01-02 09:30:00+01	11.8874999999998998	PT0M
1	2015-01-02 09:45:00+01	11.8125	PT0M
1	2015-01-02 10:00:00+01	11.7374999999998995	PT0M
1	2015-01-02 10:15:00+01	11.6624999999999996	PT0M
1	2015-01-02 10:30:00+01	11.5875000000000004	PT0M
1	2015-01-02 10:45:00+01	11.5124999999998998	PT0M
1	2015-01-02 11:00:00+01	11.4375	PT0M
1	2015-01-02 11:15:00+01	11.3687500000000004	PT0M
1	2015-01-02 11:30:00+01	11.3062500000000004	PT0M
1	2015-01-02 11:45:00+01	11.2437500000000004	PT0M
1	2015-01-02 12:00:00+01	11.1812500000000004	PT0M
1	2015-01-02 12:15:00+01	11.1125000000000007	PT0M
1	2015-01-02 12:30:00+01	11.0374999999999996	PT0M
1	2015-01-02 12:45:00+01	10.9625000000000004	PT0M
1	2015-01-02 13:00:00+01	10.8874999999998998	PT0M
1	2015-01-02 13:15:00+01	10.8187499999999996	PT0M
1	2015-01-02 13:30:00+01	10.7562499999999996	PT0M
1	2015-01-02 13:45:00+01	10.6937499999999996	PT0M
1	2015-01-02 14:00:00+01	10.6312499999999996	PT0M
1	2015-01-02 14:15:00+01	10.5687499999999996	PT0M
1	2015-01-02 14:30:00+01	10.5062499999999996	PT0M
1	2015-01-02 14:45:00+01	10.4437499999999996	PT0M
1	2015-01-02 15:00:00+01	10.3812499999999996	PT0M
1	2015-01-02 15:15:00+01	10.3125	PT0M
1	2015-01-02 15:30:00+01	10.2375000000000007	PT0M
1	2015-01-02 15:45:00+01	10.1624999999999996	PT0M
1	2015-01-02 16:00:00+01	10.0875000000000004	PT0M
1	2015-01-02 16:15:00+01	10.0250000000000004	PT0M
1	2015-01-02 16:30:00+01	9.97499999999999076	PT0M
1	2015-01-02 16:45:00+01	9.92500000000000071	PT0M
1	2015-01-02 17:00:00+01	9.875	PT0M
1	2015-01-02 17:15:00+01	9.84375	PT0M
1	2015-01-02 17:30:00+01	9.83125000000000071	PT0M
1	2015-01-02 17:45:00+01	9.81874999999999076	PT0M
1	2015-01-02 18:00:00+01	9.80625000000000036	PT0M
1	2015-01-02 18:15:00+01	9.79374999999999929	PT0M
1	2015-01-02 18:30:00+01	9.78125	PT0M
1	2015-01-02 18:45:00+01	9.76875000000000071	PT0M
1	2015-01-02 19:00:00+01	9.75624999999999076	PT0M
1	2015-01-02 19:15:00+01	9.74375000000000036	PT0M
1	2015-01-02 19:30:00+01	9.73124999999999041	PT0M
1	2015-01-02 19:45:00+01	9.71875	PT0M
1	2015-01-02 20:00:00+01	9.70624999999999005	PT0M
1	2015-01-02 20:15:00+01	9.69999999999999041	PT0M
1	2015-01-02 20:30:00+01	9.69999999999999041	PT0M
1	2015-01-02 20:45:00+01	9.69999999999999041	PT0M
1	2015-01-02 21:00:00+01	9.69999999999999041	PT0M
1	2015-01-02 21:15:00+01	9.69999999999999041	PT0M
1	2015-01-02 21:30:00+01	9.69999999999999041	PT0M
1	2015-01-02 21:45:00+01	9.69999999999999041	PT0M
1	2015-01-02 22:00:00+01	9.69999999999999041	PT0M
1	2015-01-02 22:15:00+01	9.70624999999999005	PT0M
1	2015-01-02 22:30:00+01	9.71875	PT0M
1	2015-01-02 22:45:00+01	9.73124999999999041	PT0M
1	2015-01-02 23:00:00+01	9.74375000000000036	PT0M
1	2015-01-02 23:15:00+01	9.75624999999999076	PT0M
1	2015-01-02 23:30:00+01	9.76875000000000071	PT0M
1	2015-01-02 23:45:00+01	9.78125	PT0M
1	2015-01-03 00:00:00+01	9.79374999999999929	PT0M
1	2015-01-03 00:15:00+01	9.86250000000000071	PT0M
1	2015-01-03 00:30:00+01	9.98750000000000071	PT0M
1	2015-01-03 00:45:00+01	10.1125000000000007	PT0M
1	2015-01-03 01:00:00+01	10.2375000000000007	PT0M
1	2015-01-03 01:15:00+01	10.4562500000000007	PT0M
1	2015-01-03 01:30:00+01	10.7687500000000007	PT0M
1	2015-01-03 01:45:00+01	11.0812500000000007	PT0M
1	2015-01-03 02:00:00+01	11.3937500000000007	PT0M
1	2015-01-03 02:15:00+01	11.7375000000000007	PT0M
1	2015-01-03 02:30:00+01	12.1125000000000007	PT0M
1	2015-01-03 02:45:00+01	12.4875000000000007	PT0M
1	2015-01-03 03:00:00+01	12.8625000000000007	PT0M
1	2015-01-03 03:15:00+01	13.2062500000000007	PT0M
1	2015-01-03 03:30:00+01	13.5187500000000007	PT0M
1	2015-01-03 03:45:00+01	13.8312500000000007	PT0M
1	2015-01-03 04:00:00+01	14.1437500000000007	PT0M
1	2015-01-03 04:15:00+01	14.4187499999999993	PT0M
1	2015-01-03 04:30:00+01	14.65625	PT0M
1	2015-01-03 04:45:00+01	14.8937500000000007	PT0M
1	2015-01-03 05:00:00+01	15.1312499999999996	PT0M
1	2015-01-03 05:15:00+01	15.3375000000000004	PT0M
1	2015-01-03 05:30:00+01	15.5124999999998998	PT0M
1	2015-01-03 05:45:00+01	15.6875	PT0M
1	2015-01-03 06:00:00+01	15.8624999999998995	PT0M
1	2015-01-03 06:15:00+01	16.0124999999998998	PT0M
1	2015-01-03 06:30:00+01	16.1374999999998998	PT0M
1	2015-01-03 06:45:00+01	16.2624999999998998	PT0M
1	2015-01-03 07:00:00+01	16.3874999999998998	PT0M
1	2015-01-03 07:15:00+01	16.4750000000000014	PT0M
1	2015-01-03 07:30:00+01	16.5249999999998991	PT0M
1	2015-01-03 07:45:00+01	16.5749999999998998	PT0M
1	2015-01-03 08:00:00+01	16.625	PT0M
1	2015-01-03 08:15:00+01	16.6062499999998998	PT0M
1	2015-01-03 08:30:00+01	16.5187500000000007	PT0M
1	2015-01-03 08:45:00+01	16.4312499999998991	PT0M
1	2015-01-03 09:00:00+01	16.34375	PT0M
1	2015-01-03 09:15:00+01	16.2062500000000007	PT0M
1	2015-01-03 09:30:00+01	16.0187500000000007	PT0M
1	2015-01-03 09:45:00+01	15.8312500000000007	PT0M
1	2015-01-03 10:00:00+01	15.6437500000000007	PT0M
1	2015-01-03 10:15:00+01	15.4562500000000007	PT0M
1	2015-01-03 10:30:00+01	15.2687500000000007	PT0M
1	2015-01-03 10:45:00+01	15.0812500000000007	PT0M
1	2015-01-03 11:00:00+01	14.8937500000000007	PT0M
1	2015-01-03 11:15:00+01	14.7249999999999996	PT0M
1	2015-01-03 11:30:00+01	14.5749999999998998	PT0M
1	2015-01-03 11:45:00+01	14.4250000000000007	PT0M
1	2015-01-03 12:00:00+01	14.2749999999999009	PT0M
1	2015-01-03 12:15:00+01	14.125	PT0M
1	2015-01-03 12:30:00+01	13.9749999999999002	PT0M
1	2015-01-03 12:45:00+01	13.8249999999998998	PT0M
1	2015-01-03 13:00:00+01	13.6750000000000007	PT0M
1	2015-01-03 13:15:00+01	13.5249999999999009	PT0M
1	2015-01-03 13:30:00+01	13.375	PT0M
1	2015-01-03 13:45:00+01	13.2249999999999996	PT0M
1	2015-01-03 14:00:00+01	13.0749999999998998	PT0M
1	2015-01-03 14:15:00+01	12.9187499999998998	PT0M
1	2015-01-03 14:30:00+01	12.7562499999999996	PT0M
1	2015-01-03 14:45:00+01	12.59375	PT0M
1	2015-01-03 15:00:00+01	12.4312499999999009	PT0M
1	2015-01-03 15:15:00+01	12.2687500000000007	PT0M
1	2015-01-03 15:30:00+01	12.1062499999998998	PT0M
1	2015-01-03 15:45:00+01	11.9437499999999002	PT0M
1	2015-01-03 16:00:00+01	11.78125	PT0M
1	2015-01-03 16:15:00+01	11.6124999999998995	PT0M
1	2015-01-03 16:30:00+01	11.4375	PT0M
1	2015-01-03 16:45:00+01	11.2624999999998998	PT0M
1	2015-01-03 17:00:00+01	11.0875000000000004	PT0M
1	2015-01-03 17:15:00+01	10.9000000000000004	PT0M
1	2015-01-03 17:30:00+01	10.6999999999998998	PT0M
1	2015-01-03 17:45:00+01	10.5	PT0M
1	2015-01-03 18:00:00+01	10.2999999999998995	PT0M
1	2015-01-03 18:15:00+01	10.09375	PT0M
1	2015-01-03 18:30:00+01	9.88124999999999076	PT0M
1	2015-01-03 18:45:00+01	9.66874999999999041	PT0M
1	2015-01-03 19:00:00+01	9.45625000000000071	PT0M
1	2015-01-03 19:15:00+01	9.26875000000000071	PT0M
1	2015-01-03 19:30:00+01	9.10624999999999041	PT0M
1	2015-01-03 19:45:00+01	8.94374999999999076	PT0M
1	2015-01-03 20:00:00+01	8.78125	PT0M
1	2015-01-03 20:15:00+01	8.64374999999999005	PT0M
1	2015-01-03 20:30:00+01	8.53125	PT0M
1	2015-01-03 20:45:00+01	8.41874999999999041	PT0M
1	2015-01-03 21:00:00+01	8.30625000000000036	PT0M
1	2015-01-03 21:15:00+01	8.19999999999999041	PT0M
1	2015-01-03 21:30:00+01	8.09999999999999964	PT0M
1	2015-01-03 21:45:00+01	8	PT0M
1	2015-01-03 22:00:00+01	7.8999999999999897	PT0M
1	2015-01-03 22:15:00+01	7.8062499999999897	PT0M
1	2015-01-03 22:30:00+01	7.71875	PT0M
1	2015-01-03 22:45:00+01	7.63124999999998987	PT0M
1	2015-01-03 23:00:00+01	7.54375000000000018	PT0M
1	2015-01-03 23:15:00+01	7.47499999999998987	PT0M
1	2015-01-03 23:30:00+01	7.42499999999999982	PT0M
1	2015-01-03 23:45:00+01	7.375	PT0M
1	2015-01-04 00:00:00+01	7.32499999999999041	PT0M
1	2015-01-04 00:15:00+01	7.34999999999998987	PT0M
1	2015-01-04 00:30:00+01	7.45000000000000018	PT0M
1	2015-01-04 00:45:00+01	7.54999999999999005	PT0M
1	2015-01-04 01:00:00+01	7.65000000000000036	PT0M
1	2015-01-04 01:15:00+01	7.82500000000000018	PT0M
1	2015-01-04 01:30:00+01	8.07499999999999041	PT0M
1	2015-01-04 01:45:00+01	8.32499999999999041	PT0M
1	2015-01-04 02:00:00+01	8.57499999999999041	PT0M
1	2015-01-04 02:15:00+01	8.84999999999999076	PT0M
1	2015-01-04 02:30:00+01	9.15000000000000036	PT0M
1	2015-01-04 02:45:00+01	9.44999999999999041	PT0M
1	2015-01-04 03:00:00+01	9.75	PT0M
1	2015-01-04 03:15:00+01	10.0437499999998998	PT0M
1	2015-01-04 03:30:00+01	10.3312500000000007	PT0M
1	2015-01-04 03:45:00+01	10.6187500000000004	PT0M
1	2015-01-04 04:00:00+01	10.90625	PT0M
1	2015-01-04 04:15:00+01	11.1687499999999993	PT0M
1	2015-01-04 04:30:00+01	11.40625	PT0M
1	2015-01-04 04:45:00+01	11.6437500000000007	PT0M
1	2015-01-04 05:00:00+01	11.8812499999999996	PT0M
1	2015-01-04 05:15:00+01	12.0875000000000004	PT0M
1	2015-01-04 05:30:00+01	12.2624999999998998	PT0M
1	2015-01-04 05:45:00+01	12.4375	PT0M
1	2015-01-04 06:00:00+01	12.6124999999998995	PT0M
1	2015-01-04 06:15:00+01	12.75	PT0M
1	2015-01-04 06:30:00+01	12.8499999999999002	PT0M
1	2015-01-04 06:45:00+01	12.9499999999998998	PT0M
1	2015-01-04 07:00:00+01	13.0500000000000007	PT0M
1	2015-01-04 07:15:00+01	13.0999999999999996	PT0M
1	2015-01-04 07:30:00+01	13.0999999999999996	PT0M
1	2015-01-04 07:45:00+01	13.0999999999999996	PT0M
1	2015-01-04 08:00:00+01	13.0999999999999996	PT0M
1	2015-01-04 08:15:00+01	13.0437499999998998	PT0M
1	2015-01-04 08:30:00+01	12.9312500000000004	PT0M
1	2015-01-04 08:45:00+01	12.8187499999999996	PT0M
1	2015-01-04 09:00:00+01	12.7062500000000007	PT0M
1	2015-01-04 09:15:00+01	12.5500000000000007	PT0M
1	2015-01-04 09:30:00+01	12.3499999999999996	PT0M
1	2015-01-04 09:45:00+01	12.1500000000000004	PT0M
1	2015-01-04 10:00:00+01	11.9499999999998998	PT0M
1	2015-01-04 10:15:00+01	11.7624999999998998	PT0M
1	2015-01-04 10:30:00+01	11.5875000000000004	PT0M
1	2015-01-04 10:45:00+01	11.4124999999999996	PT0M
1	2015-01-04 11:00:00+01	11.2375000000000007	PT0M
1	2015-01-04 11:15:00+01	11.0875000000000004	PT0M
1	2015-01-04 11:30:00+01	10.9625000000000004	PT0M
1	2015-01-04 11:45:00+01	10.8375000000000004	PT0M
1	2015-01-04 12:00:00+01	10.7125000000000004	PT0M
1	2015-01-04 12:15:00+01	10.5875000000000004	PT0M
1	2015-01-04 12:30:00+01	10.4625000000000004	PT0M
1	2015-01-04 12:45:00+01	10.3375000000000004	PT0M
1	2015-01-04 13:00:00+01	10.2125000000000004	PT0M
1	2015-01-04 13:15:00+01	10.09375	PT0M
1	2015-01-04 13:30:00+01	9.98124999999999041	PT0M
1	2015-01-04 13:45:00+01	9.86875000000000036	PT0M
1	2015-01-04 14:00:00+01	9.75624999999999076	PT0M
1	2015-01-04 14:15:00+01	9.64374999999999005	PT0M
1	2015-01-04 14:30:00+01	9.53125	PT0M
1	2015-01-04 14:45:00+01	9.41874999999999041	PT0M
1	2015-01-04 15:00:00+01	9.30625000000000036	PT0M
1	2015-01-04 15:15:00+01	9.1875	PT0M
1	2015-01-04 15:30:00+01	9.0625	PT0M
1	2015-01-04 15:45:00+01	8.9375	PT0M
2	2014-12-31 16:00:00+01	6.5	PT0M
2	2014-12-31 16:15:00+01	6.43125000000000036	PT0M
2	2014-12-31 16:30:00+01	6.29374999999999041	PT0M
2	2014-12-31 16:45:00+01	6.15625	PT0M
2	2014-12-31 17:00:00+01	6.01874999999999982	PT0M
2	2014-12-31 17:15:00+01	5.83750000000000036	PT0M
2	2014-12-31 17:30:00+01	5.61249999999999005	PT0M
2	2014-12-31 17:45:00+01	5.38750000000000018	PT0M
2	2014-12-31 18:00:00+01	5.16249999999998987	PT0M
2	2014-12-31 18:15:00+01	4.96250000000000036	PT0M
2	2014-12-31 18:30:00+01	4.78749999999998987	PT0M
2	2014-12-31 18:45:00+01	4.61249999999999005	PT0M
2	2014-12-31 19:00:00+01	4.4375	PT0M
2	2014-12-31 19:15:00+01	4.34999999999998987	PT0M
2	2014-12-31 19:30:00+01	4.34999999999998987	PT0M
2	2014-12-31 19:45:00+01	4.34999999999998987	PT0M
2	2014-12-31 20:00:00+01	4.34999999999998987	PT0M
2	2014-12-31 20:15:00+01	4.38124999999998987	PT0M
2	2014-12-31 20:30:00+01	4.44374999999998987	PT0M
2	2014-12-31 20:45:00+01	4.50624999999998987	PT0M
2	2014-12-31 21:00:00+01	4.56874999999998987	PT0M
2	2014-12-31 21:15:00+01	4.6187499999999897	PT0M
2	2014-12-31 21:30:00+01	4.65625	PT0M
2	2014-12-31 21:45:00+01	4.69374999999998987	PT0M
2	2014-12-31 22:00:00+01	4.73125000000000018	PT0M
2	2014-12-31 22:15:00+01	4.73125000000000018	PT0M
2	2014-12-31 22:30:00+01	4.69374999999998987	PT0M
2	2014-12-31 22:45:00+01	4.65625	PT0M
2	2014-12-31 23:00:00+01	4.6187499999999897	PT0M
2	2014-12-31 23:15:00+01	4.61249999999999005	PT0M
2	2014-12-31 23:30:00+01	4.63750000000000018	PT0M
2	2014-12-31 23:45:00+01	4.66249999999998987	PT0M
2	2015-01-01 00:00:00+01	4.6875	PT0M
2	2015-01-01 00:15:00+01	4.74375000000000036	PT0M
2	2015-01-01 00:30:00+01	4.83124999999999005	PT0M
2	2015-01-01 00:45:00+01	4.91875000000000018	PT0M
2	2015-01-01 01:00:00+01	5.00624999999998987	PT0M
2	2015-01-01 01:15:00+01	5.13749999999999041	PT0M
2	2015-01-01 01:30:00+01	5.3125	PT0M
2	2015-01-01 01:45:00+01	5.48749999999999982	PT0M
2	2015-01-01 02:00:00+01	5.66249999999998987	PT0M
2	2015-01-01 02:15:00+01	5.82500000000000018	PT0M
2	2015-01-01 02:30:00+01	5.97499999999998987	PT0M
2	2015-01-01 02:45:00+01	6.125	PT0M
2	2015-01-01 03:00:00+01	6.2749999999999897	PT0M
2	2015-01-01 03:15:00+01	6.3062499999999897	PT0M
2	2015-01-01 03:30:00+01	6.21875	PT0M
2	2015-01-01 03:45:00+01	6.13124999999998987	PT0M
2	2015-01-01 04:00:00+01	6.04375000000000018	PT0M
2	2015-01-01 04:15:00+01	6.01874999999999005	PT0M
2	2015-01-01 04:30:00+01	6.05625000000000036	PT0M
2	2015-01-01 04:45:00+01	6.09375	PT0M
2	2015-01-01 05:00:00+01	6.13124999999999964	PT0M
2	2015-01-01 05:15:00+01	6.20624999999999982	PT0M
2	2015-01-01 05:30:00+01	6.31874999999998987	PT0M
2	2015-01-01 05:45:00+01	6.43125000000000036	PT0M
2	2015-01-01 06:00:00+01	6.54374999999999041	PT0M
2	2015-01-01 06:15:00+01	6.5874999999999897	PT0M
2	2015-01-01 06:30:00+01	6.5625	PT0M
2	2015-01-01 06:45:00+01	6.53749999999998987	PT0M
2	2015-01-01 07:00:00+01	6.51250000000000018	PT0M
2	2015-01-01 07:15:00+01	6.54375000000000018	PT0M
2	2015-01-01 07:30:00+01	6.63124999999998987	PT0M
2	2015-01-01 07:45:00+01	6.71875	PT0M
2	2015-01-01 08:00:00+01	6.8062499999999897	PT0M
2	2015-01-01 08:15:00+01	6.875	PT0M
2	2015-01-01 08:30:00+01	6.92499999999999005	PT0M
2	2015-01-01 08:45:00+01	6.97499999999998987	PT0M
2	2015-01-01 09:00:00+01	7.02500000000000036	PT0M
2	2015-01-01 09:15:00+01	7.01874999999999005	PT0M
2	2015-01-01 09:30:00+01	6.95624999999999005	PT0M
2	2015-01-01 09:45:00+01	6.89374999999999005	PT0M
2	2015-01-01 10:00:00+01	6.83124999999999005	PT0M
2	2015-01-01 10:15:00+01	6.77500000000000036	PT0M
2	2015-01-01 10:30:00+01	6.72499999999998987	PT0M
2	2015-01-01 10:45:00+01	6.67499999999999005	PT0M
2	2015-01-01 11:00:00+01	6.625	PT0M
2	2015-01-01 11:15:00+01	6.5625	PT0M
2	2015-01-01 11:30:00+01	6.48749999999999005	PT0M
2	2015-01-01 11:45:00+01	6.41249999999998987	PT0M
2	2015-01-01 12:00:00+01	6.33750000000000036	PT0M
2	2015-01-01 12:15:00+01	6.32499999999999041	PT0M
2	2015-01-01 12:30:00+01	6.375	PT0M
2	2015-01-01 12:45:00+01	6.42499999999999982	PT0M
2	2015-01-01 13:00:00+01	6.47499999999998987	PT0M
2	2015-01-01 13:15:00+01	6.44374999999998987	PT0M
2	2015-01-01 13:30:00+01	6.33124999999999982	PT0M
2	2015-01-01 13:45:00+01	6.21875	PT0M
2	2015-01-01 14:00:00+01	6.10624999999999041	PT0M
2	2015-01-01 14:15:00+01	5.94374999999998987	PT0M
2	2015-01-01 14:30:00+01	5.73125000000000018	PT0M
2	2015-01-01 14:45:00+01	5.51874999999999005	PT0M
2	2015-01-01 15:00:00+01	5.30625000000000036	PT0M
2	2015-01-01 15:15:00+01	5.13750000000000018	PT0M
2	2015-01-01 15:30:00+01	5.01250000000000018	PT0M
2	2015-01-01 15:45:00+01	4.88750000000000018	PT0M
2	2015-01-01 16:00:00+01	4.76250000000000018	PT0M
2	2015-01-01 16:15:00+01	4.6875	PT0M
2	2015-01-01 16:30:00+01	4.66249999999998987	PT0M
2	2015-01-01 16:45:00+01	4.63750000000000018	PT0M
2	2015-01-01 17:00:00+01	4.61249999999999005	PT0M
2	2015-01-01 17:15:00+01	4.70624999999999005	PT0M
2	2015-01-01 17:30:00+01	4.91875000000000018	PT0M
2	2015-01-01 17:45:00+01	5.13124999999998987	PT0M
2	2015-01-01 18:00:00+01	5.34375	PT0M
2	2015-01-01 18:15:00+01	5.61875000000000036	PT0M
2	2015-01-01 18:30:00+01	5.95624999999999005	PT0M
2	2015-01-01 18:45:00+01	6.29375000000000018	PT0M
2	2015-01-01 19:00:00+01	6.63124999999998987	PT0M
2	2015-01-01 19:15:00+01	6.84999999999998987	PT0M
2	2015-01-01 19:30:00+01	6.95000000000000018	PT0M
2	2015-01-01 19:45:00+01	7.04999999999999005	PT0M
2	2015-01-01 20:00:00+01	7.15000000000000036	PT0M
2	2015-01-01 20:15:00+01	7.23125000000000018	PT0M
2	2015-01-01 20:30:00+01	7.29375000000000018	PT0M
2	2015-01-01 20:45:00+01	7.35625000000000018	PT0M
2	2015-01-01 21:00:00+01	7.41875000000000018	PT0M
2	2015-01-01 21:15:00+01	7.46250000000000036	PT0M
2	2015-01-01 21:30:00+01	7.48749999999999005	PT0M
2	2015-01-01 21:45:00+01	7.51250000000000018	PT0M
2	2015-01-01 22:00:00+01	7.53749999999998987	PT0M
2	2015-01-01 22:15:00+01	7.53749999999998987	PT0M
2	2015-01-01 22:30:00+01	7.51250000000000018	PT0M
2	2015-01-01 22:45:00+01	7.48749999999999005	PT0M
2	2015-01-01 23:00:00+01	7.46250000000000036	PT0M
2	2015-01-01 23:15:00+01	7.36875000000000036	PT0M
2	2015-01-01 23:30:00+01	7.20624999999999005	PT0M
2	2015-01-01 23:45:00+01	7.04375000000000018	PT0M
2	2015-01-02 00:00:00+01	6.88124999999998987	PT0M
2	2015-01-02 00:15:00+01	6.71875	PT0M
2	2015-01-02 00:30:00+01	6.55625000000000036	PT0M
2	2015-01-02 00:45:00+01	6.39374999999999005	PT0M
2	2015-01-02 01:00:00+01	6.23125000000000018	PT0M
2	2015-01-02 01:15:00+01	6.16249999999999964	PT0M
2	2015-01-02 01:30:00+01	6.1875	PT0M
2	2015-01-02 01:45:00+01	6.21250000000000036	PT0M
2	2015-01-02 02:00:00+01	6.23749999999999005	PT0M
2	2015-01-02 02:15:00+01	6.25	PT0M
2	2015-01-02 02:30:00+01	6.25	PT0M
2	2015-01-02 02:45:00+01	6.25	PT0M
2	2015-01-02 03:00:00+01	6.25	PT0M
2	2015-01-02 03:15:00+01	6.21875	PT0M
2	2015-01-02 03:30:00+01	6.15625	PT0M
2	2015-01-02 03:45:00+01	6.09375	PT0M
2	2015-01-02 04:00:00+01	6.03125	PT0M
2	2015-01-02 04:15:00+01	6.02500000000000036	PT0M
2	2015-01-02 04:30:00+01	6.07499999999999041	PT0M
2	2015-01-02 04:45:00+01	6.125	PT0M
2	2015-01-02 05:00:00+01	6.17499999999999982	PT0M
2	2015-01-02 05:15:00+01	6.29999999999999982	PT0M
2	2015-01-02 05:30:00+01	6.5	PT0M
2	2015-01-02 05:45:00+01	6.69999999999999041	PT0M
2	2015-01-02 06:00:00+01	6.90000000000000036	PT0M
2	2015-01-02 06:15:00+01	6.95624999999999005	PT0M
2	2015-01-02 06:30:00+01	6.86875000000000036	PT0M
2	2015-01-02 06:45:00+01	6.78125	PT0M
2	2015-01-02 07:00:00+01	6.69374999999999964	PT0M
2	2015-01-02 07:15:00+01	6.63750000000000018	PT0M
2	2015-01-02 07:30:00+01	6.61249999999999005	PT0M
2	2015-01-02 07:45:00+01	6.58750000000000036	PT0M
2	2015-01-02 08:00:00+01	6.5625	PT0M
2	2015-01-02 08:15:00+01	6.55625000000000036	PT0M
2	2015-01-02 08:30:00+01	6.56874999999998987	PT0M
2	2015-01-02 08:45:00+01	6.58124999999999005	PT0M
2	2015-01-02 09:00:00+01	6.59375	PT0M
2	2015-01-02 09:15:00+01	6.57499999999999041	PT0M
2	2015-01-02 09:30:00+01	6.52500000000000036	PT0M
2	2015-01-02 09:45:00+01	6.47499999999998987	PT0M
2	2015-01-02 10:00:00+01	6.42499999999999982	PT0M
2	2015-01-02 10:15:00+01	6.34999999999999964	PT0M
2	2015-01-02 10:30:00+01	6.25	PT0M
2	2015-01-02 10:45:00+01	6.15000000000000036	PT0M
2	2015-01-02 11:00:00+01	6.04999999999999005	PT0M
2	2015-01-02 11:15:00+01	5.88124999999998987	PT0M
2	2015-01-02 11:30:00+01	5.64374999999999982	PT0M
2	2015-01-02 11:45:00+01	5.40625	PT0M
2	2015-01-02 12:00:00+01	5.16874999999999041	PT0M
2	2015-01-02 12:15:00+01	4.96250000000000036	PT0M
2	2015-01-02 12:30:00+01	4.78749999999998987	PT0M
2	2015-01-02 12:45:00+01	4.61249999999999005	PT0M
2	2015-01-02 13:00:00+01	4.4375	PT0M
2	2015-01-02 13:15:00+01	4.2749999999999897	PT0M
2	2015-01-02 13:30:00+01	4.125	PT0M
2	2015-01-02 13:45:00+01	3.97499999999998987	PT0M
2	2015-01-02 14:00:00+01	3.82500000000000018	PT0M
2	2015-01-02 14:15:00+01	3.66875000000000018	PT0M
2	2015-01-02 14:30:00+01	3.50624999999998987	PT0M
2	2015-01-02 14:45:00+01	3.34375	PT0M
2	2015-01-02 15:00:00+01	3.18124999999999991	PT0M
2	2015-01-02 15:15:00+01	2.97500000000000009	PT0M
2	2015-01-02 15:30:00+01	2.72500000000000009	PT0M
2	2015-01-02 15:45:00+01	2.47500000000000009	PT0M
2	2015-01-02 16:00:00+01	2.22500000000000009	PT0M
2	2015-01-02 16:15:00+01	1.98124999999999996	PT0M
2	2015-01-02 16:30:00+01	1.74374999999998992	PT0M
2	2015-01-02 16:45:00+01	1.50625000000000009	PT0M
2	2015-01-02 17:00:00+01	1.26874999999999005	PT0M
2	2015-01-02 17:15:00+01	1.08749999999998992	PT0M
2	2015-01-02 17:30:00+01	0.962499999999999023	PT0M
2	2015-01-02 17:45:00+01	0.837499999999999023	PT0M
2	2015-01-02 18:00:00+01	0.712500000000000022	PT0M
2	2015-01-02 18:15:00+01	0.693749999999999978	PT0M
2	2015-01-02 18:30:00+01	0.78125	PT0M
2	2015-01-02 18:45:00+01	0.868749999999999023	PT0M
2	2015-01-02 19:00:00+01	0.956250000000000044	PT0M
2	2015-01-02 19:15:00+01	1.03125	PT0M
2	2015-01-02 19:30:00+01	1.09375	PT0M
2	2015-01-02 19:45:00+01	1.15625	PT0M
2	2015-01-02 20:00:00+01	1.21875	PT0M
2	2015-01-02 20:15:00+01	1.1875	PT0M
2	2015-01-02 20:30:00+01	1.0625	PT0M
2	2015-01-02 20:45:00+01	0.9375	PT0M
2	2015-01-02 21:00:00+01	0.8125	PT0M
2	2015-01-02 21:15:00+01	0.699999999999998956	PT0M
2	2015-01-02 21:30:00+01	0.599999999999999978	PT0M
2	2015-01-02 21:45:00+01	0.5	PT0M
2	2015-01-02 22:00:00+01	0.399999999999999023	PT0M
2	2015-01-02 22:15:00+01	0.337499999999999023	PT0M
2	2015-01-02 22:30:00+01	0.3125	PT0M
2	2015-01-02 22:45:00+01	0.287499999999998979	PT0M
2	2015-01-02 23:00:00+01	0.262500000000000011	PT0M
2	2015-01-02 23:15:00+01	0.287499999999998979	PT0M
2	2015-01-02 23:30:00+01	0.362499999999999989	PT0M
2	2015-01-02 23:45:00+01	0.4375	PT0M
2	2015-01-03 00:00:00+01	0.512499999999999956	PT0M
2	2015-01-03 00:15:00+01	0.606249999999999956	PT0M
2	2015-01-03 00:30:00+01	0.71875	PT0M
2	2015-01-03 00:45:00+01	0.831250000000000044	PT0M
2	2015-01-03 01:00:00+01	0.943749999999998979	PT0M
2	2015-01-03 01:15:00+01	1.05624999999998992	PT0M
2	2015-01-03 01:30:00+01	1.16874999999999996	PT0M
2	2015-01-03 01:45:00+01	1.28125	PT0M
2	2015-01-03 02:00:00+01	1.39374999999999005	PT0M
2	2015-01-03 02:15:00+01	1.57499999999999996	PT0M
2	2015-01-03 02:30:00+01	1.82499999999999996	PT0M
2	2015-01-03 02:45:00+01	2.07500000000000018	PT0M
2	2015-01-03 03:00:00+01	2.32500000000000018	PT0M
2	2015-01-03 03:15:00+01	2.55624999999999991	PT0M
2	2015-01-03 03:30:00+01	2.76874999999999005	PT0M
2	2015-01-03 03:45:00+01	2.98125000000000018	PT0M
2	2015-01-03 04:00:00+01	3.19374999999998987	PT0M
2	2015-01-03 04:15:00+01	3.34375	PT0M
2	2015-01-03 04:30:00+01	3.43124999999999014	PT0M
2	2015-01-03 04:45:00+01	3.51874999999999005	PT0M
2	2015-01-03 05:00:00+01	3.60625000000000018	PT0M
2	2015-01-03 05:15:00+01	3.66249999999998987	PT0M
2	2015-01-03 05:30:00+01	3.6875	PT0M
2	2015-01-03 05:45:00+01	3.71249999999999991	PT0M
2	2015-01-03 06:00:00+01	3.73749999999999005	PT0M
2	2015-01-03 06:15:00+01	3.69375000000000009	PT0M
2	2015-01-03 06:30:00+01	3.58124999999999005	PT0M
2	2015-01-03 06:45:00+01	3.46875	PT0M
2	2015-01-03 07:00:00+01	3.35624999999998996	PT0M
2	2015-01-03 07:15:00+01	3.29374999999998996	PT0M
2	2015-01-03 07:30:00+01	3.28125	PT0M
2	2015-01-03 07:45:00+01	3.26874999999999005	PT0M
2	2015-01-03 08:00:00+01	3.25625000000000009	PT0M
2	2015-01-03 08:15:00+01	3.35625000000000018	PT0M
2	2015-01-03 08:30:00+01	3.56874999999998987	PT0M
2	2015-01-03 08:45:00+01	3.78125	PT0M
2	2015-01-03 09:00:00+01	3.99374999999999014	PT0M
2	2015-01-03 09:15:00+01	4.25	PT0M
2	2015-01-03 09:30:00+01	4.54999999999999005	PT0M
2	2015-01-03 09:45:00+01	4.84999999999998987	PT0M
2	2015-01-03 10:00:00+01	5.15000000000000036	PT0M
2	2015-01-03 10:15:00+01	5.36249999999999005	PT0M
2	2015-01-03 10:30:00+01	5.48749999999999005	PT0M
2	2015-01-03 10:45:00+01	5.61249999999999005	PT0M
2	2015-01-03 11:00:00+01	5.73749999999999005	PT0M
2	2015-01-03 11:15:00+01	5.72499999999998987	PT0M
2	2015-01-03 11:30:00+01	5.57500000000000018	PT0M
2	2015-01-03 11:45:00+01	5.42499999999999005	PT0M
2	2015-01-03 12:00:00+01	5.27500000000000036	PT0M
2	2015-01-03 12:15:00+01	5.11249999999999982	PT0M
2	2015-01-03 12:30:00+01	4.9375	PT0M
2	2015-01-03 12:45:00+01	4.76249999999999041	PT0M
2	2015-01-03 13:00:00+01	4.58750000000000036	PT0M
2	2015-01-03 13:15:00+01	4.5	PT0M
2	2015-01-03 13:30:00+01	4.5	PT0M
2	2015-01-03 13:45:00+01	4.5	PT0M
2	2015-01-03 14:00:00+01	4.5	PT0M
2	2015-01-03 14:15:00+01	4.51250000000000018	PT0M
2	2015-01-03 14:30:00+01	4.53749999999998987	PT0M
2	2015-01-03 14:45:00+01	4.5625	PT0M
2	2015-01-03 15:00:00+01	4.5874999999999897	PT0M
2	2015-01-03 15:15:00+01	4.59999999999998987	PT0M
2	2015-01-03 15:30:00+01	4.59999999999998987	PT0M
2	2015-01-03 15:45:00+01	4.59999999999998987	PT0M
2	2015-01-03 16:00:00+01	4.59999999999998987	PT0M
2	2015-01-03 16:15:00+01	4.59999999999998987	PT0M
2	2015-01-03 16:30:00+01	4.59999999999998987	PT0M
2	2015-01-03 16:45:00+01	4.59999999999998987	PT0M
2	2015-01-03 17:00:00+01	4.59999999999998987	PT0M
2	2015-01-03 17:15:00+01	4.5874999999999897	PT0M
2	2015-01-03 17:30:00+01	4.5625	PT0M
2	2015-01-03 17:45:00+01	4.53749999999998987	PT0M
2	2015-01-03 18:00:00+01	4.51250000000000018	PT0M
2	2015-01-03 18:15:00+01	4.56874999999998987	PT0M
2	2015-01-03 18:30:00+01	4.70624999999999982	PT0M
2	2015-01-03 18:45:00+01	4.84375	PT0M
2	2015-01-03 19:00:00+01	4.98124999999999041	PT0M
2	2015-01-03 19:15:00+01	5.15000000000000036	PT0M
2	2015-01-03 19:30:00+01	5.34999999999998987	PT0M
2	2015-01-03 19:45:00+01	5.54999999999999005	PT0M
2	2015-01-03 20:00:00+01	5.75	PT0M
2	2015-01-03 20:15:00+01	5.8999999999999897	PT0M
2	2015-01-03 20:30:00+01	6	PT0M
2	2015-01-03 20:45:00+01	6.09999999999998987	PT0M
2	2015-01-03 21:00:00+01	6.20000000000000018	PT0M
2	2015-01-03 21:15:00+01	6.20624999999999005	PT0M
2	2015-01-03 21:30:00+01	6.11875000000000036	PT0M
2	2015-01-03 21:45:00+01	6.03125	PT0M
2	2015-01-03 22:00:00+01	5.94374999999999964	PT0M
2	2015-01-03 22:15:00+01	5.76874999999999982	PT0M
2	2015-01-03 22:30:00+01	5.50624999999998987	PT0M
2	2015-01-03 22:45:00+01	5.24375000000000036	PT0M
2	2015-01-03 23:00:00+01	4.98124999999999041	PT0M
2	2015-01-03 23:15:00+01	4.76249999999999041	PT0M
2	2015-01-03 23:30:00+01	4.58750000000000036	PT0M
2	2015-01-03 23:45:00+01	4.41249999999998987	PT0M
2	2015-01-04 00:00:00+01	4.23749999999999982	PT0M
2	2015-01-04 00:15:00+01	4.16249999999999964	PT0M
2	2015-01-04 00:30:00+01	4.1875	PT0M
2	2015-01-04 00:45:00+01	4.21250000000000036	PT0M
2	2015-01-04 01:00:00+01	4.23749999999999005	PT0M
2	2015-01-04 01:15:00+01	4.25	PT0M
2	2015-01-04 01:30:00+01	4.25	PT0M
2	2015-01-04 01:45:00+01	4.25	PT0M
2	2015-01-04 02:00:00+01	4.25	PT0M
2	2015-01-04 02:15:00+01	4.26250000000000018	PT0M
2	2015-01-04 02:30:00+01	4.28749999999998987	PT0M
2	2015-01-04 02:45:00+01	4.3125	PT0M
2	2015-01-04 03:00:00+01	4.3374999999999897	PT0M
2	2015-01-04 03:15:00+01	4.38124999999998987	PT0M
2	2015-01-04 03:30:00+01	4.44374999999998987	PT0M
2	2015-01-04 03:45:00+01	4.50624999999998987	PT0M
2	2015-01-04 04:00:00+01	4.56874999999998987	PT0M
2	2015-01-04 04:15:00+01	4.66249999999998987	PT0M
2	2015-01-04 04:30:00+01	4.78749999999998987	PT0M
2	2015-01-04 04:45:00+01	4.91249999999998987	PT0M
2	2015-01-04 05:00:00+01	5.03749999999998987	PT0M
2	2015-01-04 05:15:00+01	5.11249999999999005	PT0M
2	2015-01-04 05:30:00+01	5.13750000000000018	PT0M
2	2015-01-04 05:45:00+01	5.16249999999998987	PT0M
2	2015-01-04 06:00:00+01	5.1875	PT0M
2	2015-01-04 06:15:00+01	5.09375	PT0M
2	2015-01-04 06:30:00+01	4.88124999999998987	PT0M
2	2015-01-04 06:45:00+01	4.66875000000000018	PT0M
2	2015-01-04 07:00:00+01	4.45624999999999005	PT0M
2	2015-01-04 07:15:00+01	4.3062499999999897	PT0M
2	2015-01-04 07:30:00+01	4.21875	PT0M
2	2015-01-04 07:45:00+01	4.13124999999998987	PT0M
2	2015-01-04 08:00:00+01	4.04375000000000018	PT0M
2	2015-01-04 08:15:00+01	4.01250000000000018	PT0M
2	2015-01-04 08:30:00+01	4.03749999999998987	PT0M
2	2015-01-04 08:45:00+01	4.0625	PT0M
2	2015-01-04 09:00:00+01	4.0874999999999897	PT0M
2	2015-01-04 09:15:00+01	4.15625	PT0M
2	2015-01-04 09:30:00+01	4.26874999999999005	PT0M
2	2015-01-04 09:45:00+01	4.38124999999998987	PT0M
2	2015-01-04 10:00:00+01	4.49375000000000036	PT0M
2	2015-01-04 10:15:00+01	4.56874999999998987	PT0M
2	2015-01-04 10:30:00+01	4.60625000000000018	PT0M
2	2015-01-04 10:45:00+01	4.64374999999999005	PT0M
2	2015-01-04 11:00:00+01	4.68125000000000036	PT0M
2	2015-01-04 11:15:00+01	4.70000000000000018	PT0M
2	2015-01-04 11:30:00+01	4.70000000000000018	PT0M
2	2015-01-04 11:45:00+01	4.70000000000000018	PT0M
2	2015-01-04 12:00:00+01	4.70000000000000018	PT0M
2	2015-01-04 12:15:00+01	4.65000000000000036	PT0M
2	2015-01-04 12:30:00+01	4.54999999999999005	PT0M
2	2015-01-04 12:45:00+01	4.45000000000000018	PT0M
2	2015-01-04 13:00:00+01	4.34999999999998987	PT0M
2	2015-01-04 13:15:00+01	4.23749999999999005	PT0M
2	2015-01-04 13:30:00+01	4.11249999999999005	PT0M
2	2015-01-04 13:45:00+01	3.98749999999999005	PT0M
2	2015-01-04 14:00:00+01	3.86249999999999005	PT0M
2	2015-01-04 14:15:00+01	3.8125	PT0M
2	2015-01-04 14:30:00+01	3.83749999999999014	PT0M
2	2015-01-04 14:45:00+01	3.86249999999999005	PT0M
2	2015-01-04 15:00:00+01	3.88750000000000018	PT0M
2	2015-01-04 15:15:00+01	3.89374999999999005	PT0M
2	2015-01-04 15:30:00+01	3.88125000000000009	PT0M
2	2015-01-04 15:45:00+01	3.86874999999999014	PT0M
3	2014-12-31 16:00:00+01	0	PT0M
3	2014-12-31 16:15:00+01	0	PT0M
3	2014-12-31 16:30:00+01	0	PT0M
3	2014-12-31 16:45:00+01	0	PT0M
3	2014-12-31 17:00:00+01	0	PT0M
3	2014-12-31 17:15:00+01	0	PT0M
3	2014-12-31 17:30:00+01	0	PT0M
3	2014-12-31 17:45:00+01	0	PT0M
3	2014-12-31 18:00:00+01	0	PT0M
3	2014-12-31 18:15:00+01	0	PT0M
3	2014-12-31 18:30:00+01	0	PT0M
3	2014-12-31 18:45:00+01	0	PT0M
3	2014-12-31 19:00:00+01	0	PT0M
3	2014-12-31 19:15:00+01	0	PT0M
3	2014-12-31 19:30:00+01	0	PT0M
3	2014-12-31 19:45:00+01	0	PT0M
3	2014-12-31 20:00:00+01	0	PT0M
3	2014-12-31 20:15:00+01	0	PT0M
3	2014-12-31 20:30:00+01	0	PT0M
3	2014-12-31 20:45:00+01	0	PT0M
3	2014-12-31 21:00:00+01	0	PT0M
3	2014-12-31 21:15:00+01	0	PT0M
3	2014-12-31 21:30:00+01	0	PT0M
3	2014-12-31 21:45:00+01	0	PT0M
3	2014-12-31 22:00:00+01	0	PT0M
3	2014-12-31 22:15:00+01	0	PT0M
3	2014-12-31 22:30:00+01	0	PT0M
3	2014-12-31 22:45:00+01	0	PT0M
3	2014-12-31 23:00:00+01	0	PT0M
3	2014-12-31 23:15:00+01	0	PT0M
3	2014-12-31 23:30:00+01	0	PT0M
3	2014-12-31 23:45:00+01	0	PT0M
3	2015-01-01 00:00:00+01	0	PT0M
3	2015-01-01 00:15:00+01	0.00712500574999999029	PT0M
3	2015-01-01 00:30:00+01	0.0213750172499998989	PT0M
3	2015-01-01 00:45:00+01	0.0356250287499998985	PT0M
3	2015-01-01 01:00:00+01	0.0498750402500000023	PT0M
3	2015-01-01 01:15:00+01	0.0703750566250000015	PT0M
3	2015-01-01 01:30:00+01	0.0971250778749998961	PT0M
3	2015-01-01 01:45:00+01	0.123875099124999999	PT0M
3	2015-01-01 02:00:00+01	0.150625120374999005	PT0M
3	2015-01-01 02:15:00+01	0.177000141375000003	PT0M
3	2015-01-01 02:30:00+01	0.203000162124998995	PT0M
3	2015-01-01 02:45:00+01	0.229000182875000013	PT0M
3	2015-01-01 03:00:00+01	0.255000203624998978	PT0M
3	2015-01-01 03:15:00+01	0.281000224500000007	PT0M
3	2015-01-01 03:30:00+01	0.307000245499999991	PT0M
3	2015-01-01 03:45:00+01	0.333000266499999975	PT0M
3	2015-01-01 04:00:00+01	0.359000287500000015	PT0M
3	2015-01-01 04:15:00+01	0.374000299500000022	PT0M
3	2015-01-01 04:30:00+01	0.378000302499999996	PT0M
3	2015-01-01 04:45:00+01	0.382000305499999027	PT0M
3	2015-01-01 05:00:00+01	0.3860003085	PT0M
3	2015-01-01 05:15:00+01	0.388500310500000001	PT0M
3	2015-01-01 05:30:00+01	0.389500311499998975	PT0M
3	2015-01-01 05:45:00+01	0.390500312500000002	PT0M
3	2015-01-01 06:00:00+01	0.391500313499999975	PT0M
3	2015-01-01 06:15:00+01	0.38425030775000002	PT0M
3	2015-01-01 06:30:00+01	0.368750295250000026	PT0M
3	2015-01-01 06:45:00+01	0.353250282749999978	PT0M
3	2015-01-01 07:00:00+01	0.337750270249998985	PT0M
3	2015-01-01 07:15:00+01	0.319000255249998976	PT0M
3	2015-01-01 07:30:00+01	0.297000237750000007	PT0M
3	2015-01-01 07:45:00+01	0.275000220249998983	PT0M
3	2015-01-01 08:00:00+01	0.253000202750000014	PT0M
3	2015-01-01 08:15:00+01	0.225375180625000004	PT0M
3	2015-01-01 08:30:00+01	0.19212515387500001	PT0M
3	2015-01-01 08:45:00+01	0.158875127124999987	PT0M
3	2015-01-01 09:00:00+01	0.125625100374998994	PT0M
3	2015-01-01 09:15:00+01	0.0958750764999999061	PT0M
3	2015-01-01 09:30:00+01	0.0696250555000000049	PT0M
3	2015-01-01 09:45:00+01	0.0433750344999999995	PT0M
3	2015-01-01 10:00:00+01	0.0171250135000000012	PT0M
3	2015-01-01 10:15:00+01	0.00350000262499999999	PT0M
3	2015-01-01 10:30:00+01	0.00250000187499999993	PT0M
3	2015-01-01 10:45:00+01	0.00150000112500000009	PT0M
3	2015-01-01 11:00:00+01	0.00050000037500000003	PT0M
3	2015-01-01 11:15:00+01	0	PT0M
3	2015-01-01 11:30:00+01	0	PT0M
3	2015-01-01 11:45:00+01	0	PT0M
3	2015-01-01 12:00:00+01	0	PT0M
3	2015-01-01 12:15:00+01	0	PT0M
3	2015-01-01 12:30:00+01	0	PT0M
3	2015-01-01 12:45:00+01	0	PT0M
3	2015-01-01 13:00:00+01	0	PT0M
3	2015-01-01 13:15:00+01	0	PT0M
3	2015-01-01 13:30:00+01	0	PT0M
3	2015-01-01 13:45:00+01	0	PT0M
3	2015-01-01 14:00:00+01	0	PT0M
3	2015-01-01 14:15:00+01	0	PT0M
3	2015-01-01 14:30:00+01	0	PT0M
3	2015-01-01 14:45:00+01	0	PT0M
3	2015-01-01 15:00:00+01	0	PT0M
3	2015-01-01 15:15:00+01	0	PT0M
3	2015-01-01 15:30:00+01	0	PT0M
3	2015-01-01 15:45:00+01	0	PT0M
3	2015-01-01 16:00:00+01	0	PT0M
3	2015-01-01 16:15:00+01	0	PT0M
3	2015-01-01 16:30:00+01	0	PT0M
3	2015-01-01 16:45:00+01	0	PT0M
3	2015-01-01 17:00:00+01	0	PT0M
3	2015-01-01 17:15:00+01	0	PT0M
3	2015-01-01 17:30:00+01	0	PT0M
3	2015-01-01 17:45:00+01	0	PT0M
3	2015-01-01 18:00:00+01	0	PT0M
3	2015-01-01 18:15:00+01	0	PT0M
3	2015-01-01 18:30:00+01	0	PT0M
3	2015-01-01 18:45:00+01	0	PT0M
3	2015-01-01 19:00:00+01	0	PT0M
3	2015-01-01 19:15:00+01	0	PT0M
3	2015-01-01 19:30:00+01	0	PT0M
3	2015-01-01 19:45:00+01	0	PT0M
3	2015-01-01 20:00:00+01	0	PT0M
3	2015-01-01 20:15:00+01	0	PT0M
3	2015-01-01 20:30:00+01	0	PT0M
3	2015-01-01 20:45:00+01	0	PT0M
3	2015-01-01 21:00:00+01	0	PT0M
3	2015-01-01 21:15:00+01	0	PT0M
3	2015-01-01 21:30:00+01	0	PT0M
3	2015-01-01 21:45:00+01	0	PT0M
3	2015-01-01 22:00:00+01	0	PT0M
3	2015-01-01 22:15:00+01	0	PT0M
3	2015-01-01 22:30:00+01	0	PT0M
3	2015-01-01 22:45:00+01	0	PT0M
3	2015-01-01 23:00:00+01	0	PT0M
3	2015-01-01 23:15:00+01	0	PT0M
3	2015-01-01 23:30:00+01	0	PT0M
3	2015-01-01 23:45:00+01	0	PT0M
3	2015-01-02 00:00:00+01	0	PT0M
3	2015-01-02 00:15:00+01	0.0047500037499999901	PT0M
3	2015-01-02 00:30:00+01	0.0142500112499999998	PT0M
3	2015-01-02 00:45:00+01	0.0237500187499999002	PT0M
3	2015-01-02 01:00:00+01	0.0332500262499998978	PT0M
3	2015-01-02 01:15:00+01	0.0448750354999999032	PT0M
3	2015-01-02 01:30:00+01	0.0586250464999999998	PT0M
3	2015-01-02 01:45:00+01	0.0723750575000000063	PT0M
3	2015-01-02 02:00:00+01	0.0861250684999999017	PT0M
3	2015-01-02 02:15:00+01	0.0990000788749999944	PT0M
3	2015-01-02 02:30:00+01	0.111000088625000007	PT0M
3	2015-01-02 02:45:00+01	0.123000098375000005	PT0M
3	2015-01-02 03:00:00+01	0.13500010812499999	PT0M
3	2015-01-02 03:15:00+01	0.14712511787499899	PT0M
3	2015-01-02 03:30:00+01	0.159375127625000002	PT0M
3	2015-01-02 03:45:00+01	0.171625137374999986	PT0M
3	2015-01-02 04:00:00+01	0.183875147124999999	PT0M
3	2015-01-02 04:15:00+01	0.19175015337500001	PT0M
3	2015-01-02 04:30:00+01	0.195250156124999991	PT0M
3	2015-01-02 04:45:00+01	0.198750158874999999	PT0M
3	2015-01-02 05:00:00+01	0.202250161625000008	PT0M
3	2015-01-02 05:15:00+01	0.203875162874999988	PT0M
3	2015-01-02 05:30:00+01	0.203625162624999995	PT0M
3	2015-01-02 05:45:00+01	0.203375162375000001	PT0M
3	2015-01-02 06:00:00+01	0.203125162125000008	PT0M
3	2015-01-02 06:15:00+01	0.198250158250000003	PT0M
3	2015-01-02 06:30:00+01	0.188750150750000012	PT0M
3	2015-01-02 06:45:00+01	0.179250143249998994	PT0M
3	2015-01-02 07:00:00+01	0.169750135749999004	PT0M
3	2015-01-02 07:15:00+01	0.158500126749999998	PT0M
3	2015-01-02 07:30:00+01	0.145500116249999006	PT0M
3	2015-01-02 07:45:00+01	0.132500105749998986	PT0M
3	2015-01-02 08:00:00+01	0.119500095249998994	PT0M
3	2015-01-02 08:15:00+01	0.106125084499998995	PT0M
3	2015-01-02 08:30:00+01	0.0923750734999999046	PT0M
3	2015-01-02 08:45:00+01	0.0786250624999999953	PT0M
3	2015-01-02 09:00:00+01	0.0648750515000000028	PT0M
3	2015-01-02 09:15:00+01	0.0510000404999998991	PT0M
3	2015-01-02 09:30:00+01	0.0370000295000000035	PT0M
3	2015-01-02 09:45:00+01	0.0230000185000000003	PT0M
3	2015-01-02 10:00:00+01	0.00900000750000000058	PT0M
3	2015-01-02 10:15:00+01	0.00175000174999999001	PT0M
3	2015-01-02 10:30:00+01	0.00125000125000000002	PT0M
3	2015-01-02 10:45:00+01	0.00075000074999999897	PT0M
3	2015-01-02 11:00:00+01	0.000250000249999999006	PT0M
3	2015-01-02 11:15:00+01	0	PT0M
3	2015-01-02 11:30:00+01	0	PT0M
3	2015-01-02 11:45:00+01	0	PT0M
3	2015-01-02 12:00:00+01	0	PT0M
3	2015-01-02 12:15:00+01	0	PT0M
3	2015-01-02 12:30:00+01	0	PT0M
3	2015-01-02 12:45:00+01	0	PT0M
3	2015-01-02 13:00:00+01	0	PT0M
3	2015-01-02 13:15:00+01	0	PT0M
3	2015-01-02 13:30:00+01	0	PT0M
3	2015-01-02 13:45:00+01	0	PT0M
3	2015-01-02 14:00:00+01	0	PT0M
3	2015-01-02 14:15:00+01	0	PT0M
3	2015-01-02 14:30:00+01	0	PT0M
3	2015-01-02 14:45:00+01	0	PT0M
3	2015-01-02 15:00:00+01	0	PT0M
3	2015-01-02 15:15:00+01	0	PT0M
3	2015-01-02 15:30:00+01	0	PT0M
3	2015-01-02 15:45:00+01	0	PT0M
3	2015-01-02 16:00:00+01	0	PT0M
3	2015-01-02 16:15:00+01	0	PT0M
3	2015-01-02 16:30:00+01	0	PT0M
3	2015-01-02 16:45:00+01	0	PT0M
3	2015-01-02 17:00:00+01	0	PT0M
3	2015-01-02 17:15:00+01	0	PT0M
3	2015-01-02 17:30:00+01	0	PT0M
3	2015-01-02 17:45:00+01	0	PT0M
3	2015-01-02 18:00:00+01	0	PT0M
3	2015-01-02 18:15:00+01	0	PT0M
3	2015-01-02 18:30:00+01	0	PT0M
3	2015-01-02 18:45:00+01	0	PT0M
3	2015-01-02 19:00:00+01	0	PT0M
3	2015-01-02 19:15:00+01	0	PT0M
3	2015-01-02 19:30:00+01	0	PT0M
3	2015-01-02 19:45:00+01	0	PT0M
3	2015-01-02 20:00:00+01	0	PT0M
3	2015-01-02 20:15:00+01	0	PT0M
3	2015-01-02 20:30:00+01	0	PT0M
3	2015-01-02 20:45:00+01	0	PT0M
3	2015-01-02 21:00:00+01	0	PT0M
3	2015-01-02 21:15:00+01	0	PT0M
3	2015-01-02 21:30:00+01	0	PT0M
3	2015-01-02 21:45:00+01	0	PT0M
3	2015-01-02 22:00:00+01	0	PT0M
3	2015-01-02 22:15:00+01	0	PT0M
3	2015-01-02 22:30:00+01	0	PT0M
3	2015-01-02 22:45:00+01	0	PT0M
3	2015-01-02 23:00:00+01	0	PT0M
3	2015-01-02 23:15:00+01	0	PT0M
3	2015-01-02 23:30:00+01	0	PT0M
3	2015-01-02 23:45:00+01	0	PT0M
3	2015-01-03 00:00:00+01	0	PT0M
3	2015-01-03 00:15:00+01	0.0106250084999999998	PT0M
3	2015-01-03 00:30:00+01	0.031875025500000001	PT0M
3	2015-01-03 00:45:00+01	0.0531250424999998999	PT0M
3	2015-01-03 01:00:00+01	0.0743750594999999931	PT0M
3	2015-01-03 01:15:00+01	0.103625082874999996	PT0M
3	2015-01-03 01:30:00+01	0.140875112624998994	PT0M
3	2015-01-03 01:45:00+01	0.17812514237499899	PT0M
3	2015-01-03 02:00:00+01	0.215375172124999986	PT0M
3	2015-01-03 02:15:00+01	0.250375200124998976	PT0M
3	2015-01-03 02:30:00+01	0.283125226374998984	PT0M
3	2015-01-03 02:45:00+01	0.315875252624998992	PT0M
3	2015-01-03 03:00:00+01	0.348625278875	PT0M
3	2015-01-03 03:15:00+01	0.365375292249998984	PT0M
3	2015-01-03 03:30:00+01	0.366125292749999998	PT0M
3	2015-01-03 03:45:00+01	0.366875293250000012	PT0M
3	2015-01-03 04:00:00+01	0.367625293749999027	PT0M
3	2015-01-03 04:15:00+01	0.376500300874999028	PT0M
3	2015-01-03 04:30:00+01	0.393500314625000014	PT0M
3	2015-01-03 04:45:00+01	0.410500328375000001	PT0M
3	2015-01-03 05:00:00+01	0.427500342124998989	PT0M
3	2015-01-03 05:15:00+01	0.431375345249998987	PT0M
3	2015-01-03 05:30:00+01	0.422125337749999996	PT0M
3	2015-01-03 05:45:00+01	0.412875330250000006	PT0M
3	2015-01-03 06:00:00+01	0.403625322749999016	PT0M
3	2015-01-03 06:15:00+01	0.40000031987500001	PT0M
3	2015-01-03 06:30:00+01	0.402000321624998991	PT0M
3	2015-01-03 06:45:00+01	0.404000323375000026	PT0M
3	2015-01-03 07:00:00+01	0.406000325125000006	PT0M
3	2015-01-03 07:15:00+01	0.389125311625000025	PT0M
3	2015-01-03 07:30:00+01	0.353375282874999974	PT0M
3	2015-01-03 07:45:00+01	0.317625254124998979	PT0M
3	2015-01-03 08:00:00+01	0.281875225374998983	PT0M
3	2015-01-03 08:15:00+01	0.245500196249998998	PT0M
3	2015-01-03 08:30:00+01	0.208500166749998994	PT0M
3	2015-01-03 08:45:00+01	0.171500137249998991	PT0M
3	2015-01-03 09:00:00+01	0.134500107749998987	PT0M
3	2015-01-03 09:15:00+01	0.101750081625000002	PT0M
3	2015-01-03 09:30:00+01	0.0732500588749998988	PT0M
3	2015-01-03 09:45:00+01	0.0447500361249998993	PT0M
3	2015-01-03 10:00:00+01	0.0162500133750000005	PT0M
3	2015-01-03 10:15:00+01	0.00175000174999999001	PT0M
3	2015-01-03 10:30:00+01	0.00125000125000000002	PT0M
3	2015-01-03 10:45:00+01	0.00075000074999999897	PT0M
3	2015-01-03 11:00:00+01	0.000250000249999999006	PT0M
3	2015-01-03 11:15:00+01	0	PT0M
3	2015-01-03 11:30:00+01	0	PT0M
3	2015-01-03 11:45:00+01	0	PT0M
3	2015-01-03 12:00:00+01	0	PT0M
3	2015-01-03 12:15:00+01	0	PT0M
3	2015-01-03 12:30:00+01	0	PT0M
3	2015-01-03 12:45:00+01	0	PT0M
3	2015-01-03 13:00:00+01	0	PT0M
3	2015-01-03 13:15:00+01	0	PT0M
3	2015-01-03 13:30:00+01	0	PT0M
3	2015-01-03 13:45:00+01	0	PT0M
3	2015-01-03 14:00:00+01	0	PT0M
3	2015-01-03 14:15:00+01	0	PT0M
3	2015-01-03 14:30:00+01	0	PT0M
3	2015-01-03 14:45:00+01	0	PT0M
3	2015-01-03 15:00:00+01	0	PT0M
3	2015-01-03 15:15:00+01	0	PT0M
3	2015-01-03 15:30:00+01	0	PT0M
3	2015-01-03 15:45:00+01	0	PT0M
3	2015-01-03 16:00:00+01	0	PT0M
3	2015-01-03 16:15:00+01	0	PT0M
3	2015-01-03 16:30:00+01	0	PT0M
3	2015-01-03 16:45:00+01	0	PT0M
3	2015-01-03 17:00:00+01	0	PT0M
3	2015-01-03 17:15:00+01	0	PT0M
3	2015-01-03 17:30:00+01	0	PT0M
3	2015-01-03 17:45:00+01	0	PT0M
3	2015-01-03 18:00:00+01	0	PT0M
3	2015-01-03 18:15:00+01	0	PT0M
3	2015-01-03 18:30:00+01	0	PT0M
3	2015-01-03 18:45:00+01	0	PT0M
3	2015-01-03 19:00:00+01	0	PT0M
3	2015-01-03 19:15:00+01	0	PT0M
3	2015-01-03 19:30:00+01	0	PT0M
3	2015-01-03 19:45:00+01	0	PT0M
3	2015-01-03 20:00:00+01	0	PT0M
3	2015-01-03 20:15:00+01	0	PT0M
3	2015-01-03 20:30:00+01	0	PT0M
3	2015-01-03 20:45:00+01	0	PT0M
3	2015-01-03 21:00:00+01	0	PT0M
3	2015-01-03 21:15:00+01	0	PT0M
3	2015-01-03 21:30:00+01	0	PT0M
3	2015-01-03 21:45:00+01	0	PT0M
3	2015-01-03 22:00:00+01	0	PT0M
3	2015-01-03 22:15:00+01	0	PT0M
3	2015-01-03 22:30:00+01	0	PT0M
3	2015-01-03 22:45:00+01	0	PT0M
3	2015-01-03 23:00:00+01	0	PT0M
3	2015-01-03 23:15:00+01	0.000125000124999998988	PT0M
3	2015-01-03 23:30:00+01	0.000375000374999998997	PT0M
3	2015-01-03 23:45:00+01	0.000625000625000000009	PT0M
3	2015-01-04 00:00:00+01	0.000875000874999999016	PT0M
3	2015-01-04 00:15:00+01	0.0133750108749999992	PT0M
3	2015-01-04 00:30:00+01	0.0381250306250000004	PT0M
3	2015-01-04 00:45:00+01	0.062875050375000005	PT0M
3	2015-01-04 01:00:00+01	0.0876250701249999958	PT0M
3	2015-01-04 01:15:00+01	0.118875095124999997	PT0M
3	2015-01-04 01:30:00+01	0.156625125375000007	PT0M
3	2015-01-04 01:45:00+01	0.19437515562499999	PT0M
3	2015-01-04 02:00:00+01	0.232125185874999002	PT0M
3	2015-01-04 02:15:00+01	0.269625215874998991	PT0M
3	2015-01-04 02:30:00+01	0.306875245625000015	PT0M
3	2015-01-04 02:45:00+01	0.344125275374999984	PT0M
3	2015-01-04 03:00:00+01	0.381375305125000008	PT0M
3	2015-01-04 03:15:00+01	0.412875330250000006	PT0M
3	2015-01-04 03:30:00+01	0.438625350749998977	PT0M
3	2015-01-04 03:45:00+01	0.464375371250000002	PT0M
3	2015-01-04 04:00:00+01	0.490125391749998973	PT0M
3	2015-01-04 04:15:00+01	0.508500406499998947	PT0M
3	2015-01-04 04:30:00+01	0.519500415500000035	PT0M
3	2015-01-04 04:45:00+01	0.530500424500000012	PT0M
3	2015-01-04 05:00:00+01	0.54150043349999899	PT0M
3	2015-01-04 05:15:00+01	0.544250435749998984	PT0M
3	2015-01-04 05:30:00+01	0.538750431249998996	PT0M
3	2015-01-04 05:45:00+01	0.533250426750000006	PT0M
3	2015-01-04 06:00:00+01	0.527750422250000017	PT0M
3	2015-01-04 06:15:00+01	0.515750412624999988	PT0M
3	2015-01-04 06:30:00+01	0.497250397875000028	PT0M
3	2015-01-04 06:45:00+01	0.478750383125000012	PT0M
3	2015-01-04 07:00:00+01	0.460250368374999996	PT0M
3	2015-01-04 07:15:00+01	0.434250347624999977	PT0M
3	2015-01-04 07:30:00+01	0.40075032087500001	PT0M
3	2015-01-04 07:45:00+01	0.367250294124998988	PT0M
3	2015-01-04 08:00:00+01	0.33375026737500002	PT0M
3	2015-01-04 08:15:00+01	0.296875237874998976	PT0M
3	2015-01-04 08:30:00+01	0.25662520562499902	PT0M
3	2015-01-04 08:45:00+01	0.216375173375000007	PT0M
3	2015-01-04 09:00:00+01	0.176125141124999995	PT0M
3	2015-01-04 09:15:00+01	0.137250109999999009	PT0M
3	2015-01-04 09:30:00+01	0.0997500799999998938	PT0M
3	2015-01-04 09:45:00+01	0.0622500499999998971	PT0M
3	2015-01-04 10:00:00+01	0.024750020000000001	PT0M
3	2015-01-04 10:15:00+01	0.00525000437499999976	PT0M
3	2015-01-04 10:30:00+01	0.00375000312499999995	PT0M
3	2015-01-04 10:45:00+01	0.00225000187500000014	PT0M
3	2015-01-04 11:00:00+01	0.000750000625000000012	PT0M
3	2015-01-04 11:15:00+01	0	PT0M
3	2015-01-04 11:30:00+01	0	PT0M
3	2015-01-04 11:45:00+01	0	PT0M
3	2015-01-04 12:00:00+01	0	PT0M
3	2015-01-04 12:15:00+01	0	PT0M
3	2015-01-04 12:30:00+01	0	PT0M
3	2015-01-04 12:45:00+01	0	PT0M
3	2015-01-04 13:00:00+01	0	PT0M
3	2015-01-04 13:15:00+01	0	PT0M
3	2015-01-04 13:30:00+01	0	PT0M
3	2015-01-04 13:45:00+01	0	PT0M
3	2015-01-04 14:00:00+01	0	PT0M
3	2015-01-04 14:15:00+01	0	PT0M
3	2015-01-04 14:30:00+01	0	PT0M
3	2015-01-04 14:45:00+01	0	PT0M
3	2015-01-04 15:00:00+01	0	PT0M
3	2015-01-04 15:15:00+01	0	PT0M
3	2015-01-04 15:30:00+01	0	PT0M
3	2015-01-04 15:45:00+01	0	PT0M
\.


--
-- Data for Name: weather_sensor; Type: TABLE DATA; Schema: public; Owner: a1test
--

COPY weather_sensor (id, name, weather_sensor_type_name) FROM stdin;
1	temperature	temperature
2	wind_speed	wind_speed
3	total_radiation	radiation
\.


--
-- Name: weather_sensor_id_seq; Type: SEQUENCE SET; Schema: public; Owner: a1test
--

SELECT pg_catalog.setval('weather_sensor_id_seq', 3, true);


--
-- Data for Name: weather_sensor_type; Type: TABLE DATA; Schema: public; Owner: a1test
--

COPY weather_sensor_type (name) FROM stdin;
temperature
wind_speed
radiation
\.


--
-- Name: alembic_version alembic_version_pkc; Type: CONSTRAINT; Schema: public; Owner: a1test
--

ALTER TABLE ONLY alembic_version
    ADD CONSTRAINT alembic_version_pkc PRIMARY KEY (version_num);


--
-- Name: asset asset_display_name_key; Type: CONSTRAINT; Schema: public; Owner: a1test
--

ALTER TABLE ONLY asset
    ADD CONSTRAINT asset_display_name_key UNIQUE (display_name);


--
-- Name: asset asset_name_key; Type: CONSTRAINT; Schema: public; Owner: a1test
--

ALTER TABLE ONLY asset
    ADD CONSTRAINT asset_name_key UNIQUE (name);


--
-- Name: asset asset_pkey; Type: CONSTRAINT; Schema: public; Owner: a1test
--

ALTER TABLE ONLY asset
    ADD CONSTRAINT asset_pkey PRIMARY KEY (id);


--
-- Name: asset_type asset_type_pkey; Type: CONSTRAINT; Schema: public; Owner: a1test
--

ALTER TABLE ONLY asset_type
    ADD CONSTRAINT asset_type_pkey PRIMARY KEY (name);


--
-- Name: bvp_roles bvp_roles_name_key; Type: CONSTRAINT; Schema: public; Owner: a1test
--

ALTER TABLE ONLY bvp_roles
    ADD CONSTRAINT bvp_roles_name_key UNIQUE (name);


--
-- Name: bvp_roles bvp_roles_pkey; Type: CONSTRAINT; Schema: public; Owner: a1test
--

ALTER TABLE ONLY bvp_roles
    ADD CONSTRAINT bvp_roles_pkey PRIMARY KEY (id);


--
-- Name: bvp_roles_users bvp_roles_users_pkey; Type: CONSTRAINT; Schema: public; Owner: a1test
--

ALTER TABLE ONLY bvp_roles_users
    ADD CONSTRAINT bvp_roles_users_pkey PRIMARY KEY (id);


--
-- Name: bvp_users bvp_users_email_key; Type: CONSTRAINT; Schema: public; Owner: a1test
--

ALTER TABLE ONLY bvp_users
    ADD CONSTRAINT bvp_users_email_key UNIQUE (email);


--
-- Name: bvp_users bvp_users_pkey; Type: CONSTRAINT; Schema: public; Owner: a1test
--

ALTER TABLE ONLY bvp_users
    ADD CONSTRAINT bvp_users_pkey PRIMARY KEY (id);


--
-- Name: market market_name_key; Type: CONSTRAINT; Schema: public; Owner: a1test
--

ALTER TABLE ONLY market
    ADD CONSTRAINT market_name_key UNIQUE (name);


--
-- Name: market market_pkey; Type: CONSTRAINT; Schema: public; Owner: a1test
--

ALTER TABLE ONLY market
    ADD CONSTRAINT market_pkey PRIMARY KEY (id);


--
-- Name: market_type market_type_pkey; Type: CONSTRAINT; Schema: public; Owner: a1test
--

ALTER TABLE ONLY market_type
    ADD CONSTRAINT market_type_pkey PRIMARY KEY (name);


--
-- Name: power power_pkey; Type: CONSTRAINT; Schema: public; Owner: a1test
--

ALTER TABLE ONLY power
    ADD CONSTRAINT power_pkey PRIMARY KEY (datetime, asset_id);


--
-- Name: price price_pkey; Type: CONSTRAINT; Schema: public; Owner: a1test
--

ALTER TABLE ONLY price
    ADD CONSTRAINT price_pkey PRIMARY KEY (datetime, market_id);


--
-- Name: weather weather_pkey; Type: CONSTRAINT; Schema: public; Owner: a1test
--

ALTER TABLE ONLY weather
    ADD CONSTRAINT weather_pkey PRIMARY KEY (sensor_id, datetime);


--
-- Name: weather_sensor weather_sensor_name_key; Type: CONSTRAINT; Schema: public; Owner: a1test
--

ALTER TABLE ONLY weather_sensor
    ADD CONSTRAINT weather_sensor_name_key UNIQUE (name);


--
-- Name: weather_sensor weather_sensor_pkey; Type: CONSTRAINT; Schema: public; Owner: a1test
--

ALTER TABLE ONLY weather_sensor
    ADD CONSTRAINT weather_sensor_pkey PRIMARY KEY (id);


--
-- Name: weather_sensor_type weather_sensor_type_pkey; Type: CONSTRAINT; Schema: public; Owner: a1test
--

ALTER TABLE ONLY weather_sensor_type
    ADD CONSTRAINT weather_sensor_type_pkey PRIMARY KEY (name);


--
-- Name: ix_asset_type_can_curtail; Type: INDEX; Schema: public; Owner: a1test
--

CREATE INDEX ix_asset_type_can_curtail ON asset_type USING btree (can_curtail);


--
-- Name: ix_asset_type_can_shift; Type: INDEX; Schema: public; Owner: a1test
--

CREATE INDEX ix_asset_type_can_shift ON asset_type USING btree (can_shift);


--
-- Name: asset asset_asset_type_name_fkey; Type: FK CONSTRAINT; Schema: public; Owner: a1test
--

ALTER TABLE ONLY asset
    ADD CONSTRAINT asset_asset_type_name_fkey FOREIGN KEY (asset_type_name) REFERENCES asset_type(name);


--
-- Name: asset asset_owner_id_fkey; Type: FK CONSTRAINT; Schema: public; Owner: a1test
--

ALTER TABLE ONLY asset
    ADD CONSTRAINT asset_owner_id_fkey FOREIGN KEY (owner_id) REFERENCES bvp_users(id);


--
-- Name: bvp_roles_users bvp_roles_users_role_id_fkey; Type: FK CONSTRAINT; Schema: public; Owner: a1test
--

ALTER TABLE ONLY bvp_roles_users
    ADD CONSTRAINT bvp_roles_users_role_id_fkey FOREIGN KEY (role_id) REFERENCES bvp_roles(id);


--
-- Name: bvp_roles_users bvp_roles_users_user_id_fkey; Type: FK CONSTRAINT; Schema: public; Owner: a1test
--

ALTER TABLE ONLY bvp_roles_users
    ADD CONSTRAINT bvp_roles_users_user_id_fkey FOREIGN KEY (user_id) REFERENCES bvp_users(id);


--
-- Name: market market_market_type_name_fkey; Type: FK CONSTRAINT; Schema: public; Owner: a1test
--

ALTER TABLE ONLY market
    ADD CONSTRAINT market_market_type_name_fkey FOREIGN KEY (market_type_name) REFERENCES market_type(name);


--
-- Name: power power_asset_id_fkey; Type: FK CONSTRAINT; Schema: public; Owner: a1test
--

ALTER TABLE ONLY power
    ADD CONSTRAINT power_asset_id_fkey FOREIGN KEY (asset_id) REFERENCES asset(id);


--
-- Name: price price_market_id_fkey; Type: FK CONSTRAINT; Schema: public; Owner: a1test
--

ALTER TABLE ONLY price
    ADD CONSTRAINT price_market_id_fkey FOREIGN KEY (market_id) REFERENCES market(id);


--
-- Name: weather weather_sensor_id_fkey; Type: FK CONSTRAINT; Schema: public; Owner: a1test
--

ALTER TABLE ONLY weather
    ADD CONSTRAINT weather_sensor_id_fkey FOREIGN KEY (sensor_id) REFERENCES weather_sensor(id);


--
-- Name: weather_sensor weather_sensor_weather_sensor_type_name_fkey; Type: FK CONSTRAINT; Schema: public; Owner: a1test
--

ALTER TABLE ONLY weather_sensor
    ADD CONSTRAINT weather_sensor_weather_sensor_type_name_fkey FOREIGN KEY (weather_sensor_type_name) REFERENCES weather_sensor_type(name);


--
-- PostgreSQL database dump complete
--

